-- MySQL dump 10.13  Distrib 8.0.21, for macos10.15 (x86_64)
--
-- Host: localhost    Database: vk
-- ------------------------------------------------------
-- Server version	8.0.21

/*!40101 SET @OLD_CHARACTER_SET_CLIENT=@@CHARACTER_SET_CLIENT */;
/*!40101 SET @OLD_CHARACTER_SET_RESULTS=@@CHARACTER_SET_RESULTS */;
/*!40101 SET @OLD_COLLATION_CONNECTION=@@COLLATION_CONNECTION */;
/*!50503 SET NAMES utf8 */;
/*!40103 SET @OLD_TIME_ZONE=@@TIME_ZONE */;
/*!40103 SET TIME_ZONE='+00:00' */;
/*!40014 SET @OLD_UNIQUE_CHECKS=@@UNIQUE_CHECKS, UNIQUE_CHECKS=0 */;
/*!40014 SET @OLD_FOREIGN_KEY_CHECKS=@@FOREIGN_KEY_CHECKS, FOREIGN_KEY_CHECKS=0 */;
/*!40101 SET @OLD_SQL_MODE=@@SQL_MODE, SQL_MODE='NO_AUTO_VALUE_ON_ZERO' */;
/*!40111 SET @OLD_SQL_NOTES=@@SQL_NOTES, SQL_NOTES=0 */;

--
-- Table structure for table `communities`
--

DROP TABLE IF EXISTS `communities`;
/*!40101 SET @saved_cs_client     = @@character_set_client */;
/*!50503 SET character_set_client = utf8mb4 */;
CREATE TABLE `communities` (
  `id` int NOT NULL AUTO_INCREMENT,
  `name` varchar(245) NOT NULL,
  `admin_id` int NOT NULL,
  PRIMARY KEY (`id`),
  KEY `fk_communities_users1_idx` (`admin_id`),
  CONSTRAINT `fk_communities_users1` FOREIGN KEY (`admin_id`) REFERENCES `users` (`id`)
) ENGINE=InnoDB AUTO_INCREMENT=101 DEFAULT CHARSET=utf8mb4 COLLATE=utf8mb4_0900_ai_ci;
/*!40101 SET character_set_client = @saved_cs_client */;

--
-- Dumping data for table `communities`
--

LOCK TABLES `communities` WRITE;
/*!40000 ALTER TABLE `communities` DISABLE KEYS */;
INSERT INTO `communities` VALUES (1,'et',1),(2,'suscipit',2),(3,'sit',3),(4,'doloribus',4),(5,'minus',5),(6,'molestiae',6),(7,'ab',7),(8,'qui',8),(9,'est',9),(10,'molestias',10),(11,'doloribus',11),(12,'iste',12),(13,'aut',13),(14,'commodi',14),(15,'sed',15),(16,'sapiente',16),(17,'perspiciatis',17),(18,'blanditiis',18),(19,'et',19),(20,'quo',20),(21,'voluptatibus',21),(22,'eos',22),(23,'est',23),(24,'odio',24),(25,'qui',25),(26,'porro',26),(27,'enim',27),(28,'omnis',28),(29,'quos',29),(30,'quia',30),(31,'dolorem',31),(32,'doloremque',32),(33,'et',33),(34,'et',34),(35,'et',35),(36,'dolor',36),(37,'sit',37),(38,'voluptatem',38),(39,'mollitia',39),(40,'esse',40),(41,'voluptatibus',41),(42,'dolorem',42),(43,'minus',43),(44,'omnis',44),(45,'ut',45),(46,'natus',46),(47,'quod',47),(48,'dolorem',48),(49,'amet',49),(50,'illo',50),(51,'excepturi',51),(52,'natus',52),(53,'omnis',53),(54,'quas',54),(55,'placeat',55),(56,'sapiente',56),(57,'esse',57),(58,'ipsum',58),(59,'et',59),(60,'eos',60),(61,'et',61),(62,'voluptas',62),(63,'alias',63),(64,'delectus',64),(65,'culpa',65),(66,'numquam',66),(67,'aperiam',67),(68,'atque',68),(69,'dolore',69),(70,'labore',70),(71,'fuga',71),(72,'laudantium',72),(73,'sed',73),(74,'impedit',74),(75,'aliquid',75),(76,'at',76),(77,'ut',77),(78,'iste',78),(79,'et',79),(80,'autem',80),(81,'aut',81),(82,'sed',82),(83,'dolore',83),(84,'commodi',84),(85,'esse',85),(86,'odio',86),(87,'maxime',87),(88,'earum',88),(89,'architecto',89),(90,'incidunt',90),(91,'laboriosam',91),(92,'architecto',92),(93,'aut',93),(94,'similique',94),(95,'ut',95),(96,'quia',96),(97,'occaecati',97),(98,'architecto',98),(99,'rerum',99),(100,'odio',100);
/*!40000 ALTER TABLE `communities` ENABLE KEYS */;
UNLOCK TABLES;

--
-- Table structure for table `friend_requests`
--

DROP TABLE IF EXISTS `friend_requests`;
/*!40101 SET @saved_cs_client     = @@character_set_client */;
/*!50503 SET character_set_client = utf8mb4 */;
CREATE TABLE `friend_requests` (
  `from_user_id` int NOT NULL,
  `to_user_id` int NOT NULL,
  `status` tinyint unsigned NOT NULL COMMENT 'статус: 0 - запрос, 1 - подтвержден, 2 - отклонен',
  PRIMARY KEY (`from_user_id`,`to_user_id`),
  KEY `fk_friend_requests_users1_idx` (`from_user_id`),
  KEY `fk_friend_requests_users2_idx` (`to_user_id`),
  CONSTRAINT `fk_friend_requests_users1` FOREIGN KEY (`from_user_id`) REFERENCES `users` (`id`),
  CONSTRAINT `fk_friend_requests_users2` FOREIGN KEY (`to_user_id`) REFERENCES `users` (`id`)
) ENGINE=InnoDB DEFAULT CHARSET=utf8mb4 COLLATE=utf8mb4_0900_ai_ci;
/*!40101 SET character_set_client = @saved_cs_client */;

--
-- Dumping data for table `friend_requests`
--

LOCK TABLES `friend_requests` WRITE;
/*!40000 ALTER TABLE `friend_requests` DISABLE KEYS */;
INSERT INTO `friend_requests` VALUES (1,36,2),(2,73,2),(3,29,0),(4,75,2),(5,100,0),(6,15,1),(7,65,2),(8,44,2),(9,82,0),(10,95,0),(11,26,1),(12,90,0),(13,93,2),(14,71,1),(15,9,1),(16,51,2),(17,58,0),(18,45,0),(19,87,0),(20,56,1),(21,92,1),(22,52,1),(23,3,2),(24,70,0),(25,85,0),(26,50,0),(27,94,2),(28,63,2),(29,57,2),(30,88,1),(31,25,2),(32,5,0),(33,23,0),(34,4,2),(35,79,2),(36,18,2),(37,96,0),(38,81,0),(39,13,0),(40,72,0),(41,2,2),(42,74,2),(43,59,1),(44,68,0),(45,48,0),(46,64,1),(47,46,1),(48,86,0),(49,77,0),(50,69,0),(51,34,0),(52,38,2),(53,83,0),(54,53,1),(55,22,2),(56,37,1),(57,98,0),(58,31,1),(59,32,0),(60,84,1),(61,14,0),(62,76,1),(63,16,0),(64,40,0),(65,60,0),(66,47,0),(67,97,0),(68,20,1),(69,80,1),(70,42,2),(71,6,2),(72,7,1),(73,39,2),(74,67,2),(75,78,0),(76,24,1),(77,66,0),(78,35,2),(79,49,0),(80,91,0),(81,27,1),(82,11,2),(83,1,1),(84,62,1),(85,54,2),(86,21,1),(87,30,0),(88,33,0),(89,10,1),(90,99,2),(91,28,2),(92,17,1),(93,12,0),(94,43,0),(95,89,0),(96,19,0),(97,8,1),(98,61,2),(99,41,1),(100,55,1);
/*!40000 ALTER TABLE `friend_requests` ENABLE KEYS */;
UNLOCK TABLES;

--
-- Table structure for table `likes`
--

DROP TABLE IF EXISTS `likes`;
/*!40101 SET @saved_cs_client     = @@character_set_client */;
/*!50503 SET character_set_client = utf8mb4 */;
CREATE TABLE `likes` (
  `id_user` int NOT NULL,
  `id_message` int DEFAULT NULL,
  `id_media` int DEFAULT NULL,
  UNIQUE KEY `user_message_photo_UNIQUE` (`id_user`,`id_message`,`id_media`),
  KEY `fk_likes_message_idx` (`id_message`),
  KEY `id_media_idx` (`id_media`),
  KEY `id_user_idx` (`id_user`),
  CONSTRAINT `id_media` FOREIGN KEY (`id_media`) REFERENCES `media` (`id`),
  CONSTRAINT `id_messages` FOREIGN KEY (`id_message`) REFERENCES `messages` (`id`),
  CONSTRAINT `id_user` FOREIGN KEY (`id_user`) REFERENCES `users` (`id`)
) ENGINE=InnoDB DEFAULT CHARSET=utf8mb4 COLLATE=utf8mb4_0900_ai_ci;
/*!40101 SET character_set_client = @saved_cs_client */;

--
-- Dumping data for table `likes`
--

LOCK TABLES `likes` WRITE;
/*!40000 ALTER TABLE `likes` DISABLE KEYS */;
INSERT INTO `likes` VALUES (1,1,1),(2,2,2),(3,3,3),(4,4,4),(5,5,5),(6,6,6),(7,7,7),(8,8,8),(9,9,9),(10,10,10),(11,11,11),(12,12,12),(13,13,13),(14,14,14),(15,15,15),(16,16,16),(17,17,17),(18,18,18),(19,19,19),(20,20,20),(21,21,21),(22,22,22),(23,23,23),(24,24,24),(25,25,25),(26,26,26),(27,27,27),(28,28,28),(29,29,29),(30,30,30),(31,31,31),(32,32,32),(33,33,33),(34,34,34),(35,35,35),(36,36,36),(37,37,37),(38,38,38),(39,39,39),(40,40,40),(41,41,41),(42,42,42),(43,43,43),(44,44,44),(45,45,45),(46,46,46),(47,47,47),(48,48,48),(49,49,49),(50,50,50),(51,51,51),(52,52,52),(53,53,53),(54,54,54),(55,55,55),(56,56,56),(57,57,57),(58,58,58),(59,59,59),(60,60,60),(61,61,61),(62,62,62),(63,63,63),(64,64,64),(65,65,65),(66,66,66),(67,67,67),(68,68,68),(69,69,69),(70,70,70),(71,71,71),(72,72,72),(73,73,73),(74,74,74),(75,75,75),(76,76,76),(77,77,77),(78,78,78),(79,79,79),(80,80,80),(81,81,81),(82,82,82),(83,83,83),(84,84,84),(85,85,85),(86,86,86),(87,87,87),(88,88,88),(89,89,89),(90,90,90),(91,91,91),(92,92,92),(93,93,93),(94,94,94),(95,95,95),(96,96,96),(97,97,97),(98,98,98),(99,99,99),(100,100,100);
/*!40000 ALTER TABLE `likes` ENABLE KEYS */;
UNLOCK TABLES;

--
-- Table structure for table `media`
--

DROP TABLE IF EXISTS `media`;
/*!40101 SET @saved_cs_client     = @@character_set_client */;
/*!50503 SET character_set_client = utf8mb4 */;
CREATE TABLE `media` (
  `id` int NOT NULL AUTO_INCREMENT,
  `media_type_id` int NOT NULL,
  `text` text,
  `file` blob COMMENT '/files/img/01.jpg',
  `size` int DEFAULT NULL,
  `metadata` json DEFAULT NULL,
  PRIMARY KEY (`id`),
  KEY `fk_media_media_types1_idx` (`media_type_id`),
  CONSTRAINT `fk_media_media_types1` FOREIGN KEY (`media_type_id`) REFERENCES `media_types` (`id`)
) ENGINE=InnoDB AUTO_INCREMENT=101 DEFAULT CHARSET=utf8mb4 COLLATE=utf8mb4_0900_ai_ci;
/*!40101 SET character_set_client = @saved_cs_client */;

--
-- Dumping data for table `media`
--

LOCK TABLES `media` WRITE;
/*!40000 ALTER TABLE `media` DISABLE KEYS */;
INSERT INTO `media` VALUES (1,1,'Non eaque numquam accusantium. Culpa at est nisi alias et. Tempore esse distinctio qui maiores est expedita quia et. Quis mollitia neque est quo non incidunt officia.',_binary 'ufd',36,NULL),(2,2,'Accusamus iusto sunt magnam aut laboriosam atque. Sit voluptas ratione minima. Qui reiciendis magni maxime aut quo ipsum at. Voluptatem vel fugit delectus quis quasi aut.',_binary 'mxml',0,NULL),(3,3,'Voluptates rerum nemo veniam ut asperiores facilis autem. Tempora possimus illo aut aspernatur nostrum.',_binary 'n3',79571,NULL),(4,1,'Maiores deleniti vel nihil numquam vel. Sint nisi ipsum aut dolores nihil omnis. Labore voluptate in at veritatis rerum.',_binary 'wvx',172,NULL),(5,2,'Aut saepe sit magnam placeat ipsum. Voluptate et culpa voluptatum commodi accusamus ut. Distinctio quidem iure ea quia natus fugit rerum.',_binary 'xif',598,NULL),(6,3,'Impedit voluptates eius amet. Non earum beatae eius cum quam aut voluptatem nisi. Omnis ipsa praesentium et voluptatem sit.',_binary 'xpl',64640,NULL),(7,1,'At eum veniam nemo enim. Officia rerum vitae enim sit. Aut cupiditate at dolorem. Sunt possimus aut voluptatum sint sit. Necessitatibus et blanditiis voluptatem consectetur.',_binary 'ico',627,NULL),(8,2,'Corporis eum exercitationem qui et explicabo qui corrupti et. Reiciendis molestiae eius accusantium voluptas deserunt. Eaque vel aut in ut et sapiente commodi ex.',_binary 'pgm',82,NULL),(9,3,'Est aliquid minus laudantium consequatur dolor similique non. Eaque vel quia voluptates aut accusamus ipsa. Ipsum numquam facilis modi molestiae cupiditate.',_binary 'uri',7,NULL),(10,1,'Et provident atque id velit est. Consequatur expedita consequatur omnis voluptas. Repudiandae cum pariatur dolores autem consequatur eaque voluptas.',_binary 'scm',1001295,NULL),(11,2,'Et nisi ducimus saepe ad. Occaecati voluptate at cum ratione velit quia consequatur.\nVoluptas quo ipsa sed qui ut. Vel odio iure ut dignissimos minima. Expedita dignissimos omnis aperiam.',_binary 'sxc',0,NULL),(12,3,'Libero libero reprehenderit soluta praesentium natus in ut. Velit mollitia omnis iste corporis corporis. Asperiores aut id quis nesciunt et. Labore pariatur ut accusamus ut quia.',_binary 'xlf',7,NULL),(13,1,'Odit aperiam ut minima porro illum nemo. Rerum quia dicta in et harum dolores enim a. Rerum quisquam sit nostrum libero. Voluptas a omnis similique eius quo necessitatibus voluptatem sit.',_binary 'umj',1105,NULL),(14,2,'Minima ut mollitia deserunt ipsam et nesciunt tenetur. Odio omnis accusamus beatae et. Non cum nostrum pariatur quam rerum fugit. Et velit quibusdam aliquid consequatur quasi vero et.',_binary 'zip',8676155,NULL),(15,3,'Ut quibusdam impedit quod nisi esse minus. Et alias quaerat qui minima neque nam.',_binary 'm2v',54,NULL),(16,1,'Ea alias vitae non facilis. Quo est ipsum dolorem corrupti. Cupiditate illum occaecati voluptas dolorem consequatur. Ipsum vel placeat magni et. Sunt quibusdam eaque iste excepturi.',_binary 'karbon',18,NULL),(17,2,'Ratione dicta maiores ab impedit. Iste quaerat sint vero porro facere fugiat rerum. Adipisci consequatur inventore ut quia voluptate. Minus minima et sit exercitationem.',_binary 'fst',76901211,NULL),(18,3,'Totam sint enim aperiam officia. Sint at et reprehenderit nisi nihil mollitia omnis. Consequuntur nulla ex quia illo ullam officia occaecati.',_binary 'mts',30555,NULL),(19,1,'Inventore perspiciatis nemo quasi magni. Autem nulla qui tempore magnam fugit.',_binary 'org',87121023,NULL),(20,2,'Hic nihil dolores natus et quisquam non quasi officiis. Enim nesciunt aperiam tenetur ad ad. Est nesciunt neque error ratione. Autem maiores sunt ipsum et hic.',_binary 'bdm',717,NULL),(21,3,'Iste id ullam saepe esse. Consectetur totam non sed voluptas ducimus vitae amet. Est reiciendis est delectus ut. Laudantium pariatur vel expedita delectus culpa totam eligendi.',_binary 'sti',29768,NULL),(22,1,'Enim ut ea rerum omnis quis amet quaerat. Facere iusto quaerat quia voluptatem aut. Distinctio libero recusandae rerum consectetur libero placeat. Velit exercitationem alias a itaque quasi.',_binary 'uvv',7225665,NULL),(23,2,'Velit qui excepturi id minus. Doloribus quod deserunt modi earum fuga blanditiis suscipit. Et ut nesciunt quis inventore nesciunt.',_binary 'djv',143191,NULL),(24,3,'Vel porro et culpa dolorem praesentium tempora nesciunt. Beatae similique culpa laudantium voluptates. Sit quidem facilis facere aut at est. Adipisci alias ex sed corporis dolorem eaque.',_binary 'csv',6410,NULL),(25,1,'Voluptatem amet quia in. Rerum numquam perspiciatis quo doloremque odit architecto doloribus. Praesentium debitis voluptatibus vitae dolores voluptate inventore est iure.',_binary 'lostxml',0,NULL),(26,2,'Earum fugit nemo reprehenderit numquam magnam. Voluptatem autem laborum iure sit voluptas optio eum. Sit at et praesentium aut debitis. Minus eligendi facilis sed iusto repellendus pariatur tempora.',_binary 'snd',6,NULL),(27,3,'Quia nisi alias distinctio repellat nostrum laudantium numquam. Quas alias vero est qui velit impedit quo. Cum nisi laborum quasi.',_binary 'flx',82507093,NULL),(28,1,'Est voluptatem quia et. Qui voluptas sed molestias rerum.',_binary 'sfv',8,NULL),(29,2,'Perspiciatis aspernatur optio labore alias. Voluptates ea ex dolorem necessitatibus. Sint sed eligendi aspernatur.',_binary 'curl',948927,NULL),(30,3,'Quia ab magnam sint enim est. Voluptatum eveniet voluptatem accusantium non officiis quo tempora. Accusantium earum ipsam aspernatur quo aspernatur quisquam dignissimos.',_binary 'wmf',325568872,NULL),(31,1,'Tempora consequuntur suscipit dolorem similique molestiae. Sed quisquam recusandae quo aut.',_binary 'der',0,NULL),(32,2,'Ea ullam perferendis nobis. Unde laboriosam officiis officiis quis tempora est quis et. Eos quas sequi autem sit.',_binary 'npx',0,NULL),(33,3,'Qui magni quos tempora. Cumque animi repellat rerum quae. Ullam facere quos et odio corrupti. Dolorem inventore repellat ullam quam fuga et.',_binary 'dsc',0,NULL),(34,1,'Totam quod quas harum. Enim sapiente magnam harum aut porro dolores. Aut repellendus error aut error accusantium culpa doloribus.',_binary 'ra',8,NULL),(35,2,'Similique autem soluta dolorem quo sequi. Animi sint deleniti corrupti mollitia eum nesciunt. Nam similique ea voluptatem temporibus consectetur eligendi quia.',_binary 'umj',12817,NULL),(36,3,'Voluptatem omnis illum rerum vitae accusamus. Aut minima iusto quam aperiam incidunt non officiis. Voluptas ut dolorem nam dolorum sed.',_binary 'flx',57869642,NULL),(37,1,'Velit consequatur eligendi corporis veniam cumque facilis velit ipsa. Non ut nostrum quis quas est voluptatem. Laborum quisquam corporis repellendus.',_binary 'sid',10065008,NULL),(38,2,'Qui incidunt eum repellendus facilis aspernatur officia. Voluptatem quia ullam molestiae ut ab exercitationem occaecati pariatur.',_binary 'clp',0,NULL),(39,3,'Exercitationem ducimus esse non delectus modi iusto dolorem. Esse voluptas iure dolor ut. Placeat perspiciatis voluptas magni itaque eum ipsa similique. Ut incidunt ipsa pariatur voluptatem.',_binary 'bz',48,NULL),(40,1,'Aut voluptatem et aut nulla. Molestiae dolorum et id pariatur ut eum. Distinctio laudantium enim modi expedita. Illo et aliquam ut dolorem explicabo.',_binary 'xltx',184085153,NULL),(41,2,'Qui qui temporibus doloremque odit quo qui unde. Exercitationem et ullam doloribus quo consectetur. Laudantium enim dicta omnis minima quo. Fugiat temporibus totam suscipit possimus.',_binary 'twd',26,NULL),(42,3,'Molestiae ad earum iste laudantium laboriosam minima. Voluptates vitae minima illo voluptatem deleniti. Excepturi reiciendis omnis sit quas.',_binary 'n3',388737,NULL),(43,1,'Vel debitis voluptatem odit ut voluptatem consequuntur non quo. Iste corporis iusto hic est. Eveniet laborum ex fugit rerum ipsum. Deleniti recusandae quaerat in aperiam odio.',_binary 'midi',326546,NULL),(44,2,'Autem cum deleniti pariatur placeat dolorum eum sit. Laudantium alias delectus officiis non accusamus voluptatum.',_binary 'otp',220966,NULL),(45,3,'Voluptas nihil eius non quibusdam natus accusamus. Sed molestiae aspernatur vitae adipisci accusamus.',_binary 'otg',544804537,NULL),(46,1,'Aut dicta voluptates numquam nisi reprehenderit iusto tempore. Error sequi quae rerum rerum consequuntur odio. Expedita iusto adipisci veniam iusto sed dolorem.',_binary 'otg',5474,NULL),(47,2,'Minima est voluptatem similique ipsa vel consequuntur. Doloribus sit ut est et.',_binary 'lasxml',58344,NULL),(48,3,'Reprehenderit minima dolores adipisci neque aut et amet. Aliquam error eveniet dignissimos voluptas.',_binary 'sfv',385525,NULL),(49,1,'Accusamus repudiandae alias voluptate autem aspernatur placeat perspiciatis. Voluptas fuga dolorum et corrupti non nihil blanditiis. Eum tenetur autem reprehenderit qui.',_binary 's',0,NULL),(50,2,'Ut ea quod itaque omnis. Ut quaerat voluptatem est iste minima maxime nemo. Sunt voluptatibus laudantium asperiores aliquam autem voluptatem commodi.',_binary 'wml',1231,NULL),(51,3,'Et esse necessitatibus odit ipsa quia qui nostrum. Praesentium doloribus ad expedita iste harum quisquam. Dolore id aperiam quia voluptatem qui nisi nisi.',_binary 'vcard',0,NULL),(52,1,'Culpa vel molestias officia eius nemo magnam consequuntur. Quis quibusdam nostrum vel ad officia excepturi. Nobis ab praesentium id iusto quia aut.',_binary 'woff',685168113,NULL),(53,2,'Ut sed non maiores nulla optio corporis non. Sequi saepe veritatis sit est quod aut. Aut molestiae autem nemo nisi sed. Inventore est maxime dolorem non ipsa omnis.',_binary 'svg',7808,NULL),(54,3,'Rerum aliquid ut quo recusandae quo sed distinctio. Iusto eligendi non et est. Cumque voluptatum fugit ea non aut et alias esse.',_binary 'dwf',81940966,NULL),(55,1,'Vitae natus excepturi quos harum. Repudiandae placeat eum in et. Necessitatibus enim a amet id dolor est.',_binary 'wmls',84,NULL),(56,2,'Cupiditate voluptas qui cumque dolorem ducimus quis. Iusto deleniti laudantium quia modi sed labore dicta. Vero aut natus nemo vel voluptatem excepturi ducimus aut.',_binary 'nbp',336,NULL),(57,3,'Ex voluptas aspernatur eum rem aut facere unde laborum. Facere delectus deserunt sed dolore incidunt. Ut rerum porro consequatur eius ut quia recusandae dolorem.',_binary 'dwf',425,NULL),(58,1,'Aut illum perferendis corrupti voluptas ut a. Nam et alias ab odit dolor quam rerum. Suscipit esse omnis voluptates. Qui iure odit harum nobis reprehenderit repudiandae laboriosam.',_binary 'ifb',577,NULL),(59,2,'Est consequatur soluta omnis et fugit quis. Non aliquid alias et sunt rem rem. Autem doloribus dolores dolores. Quia qui qui dolorem facere non et recusandae.',_binary 'otp',1,NULL),(60,3,'Expedita quas ex modi voluptatem omnis repellendus vel voluptas. Corporis corrupti consequuntur blanditiis. Alias aut tempora optio. Mollitia amet qui sit quasi quia qui ut.',_binary 'sse',1880122,NULL),(61,1,'Quibusdam soluta dolor similique suscipit illum reiciendis. Sed ea quia assumenda exercitationem molestiae ut cumque. Sequi nesciunt dignissimos rerum eos.',_binary 'ics',420,NULL),(62,2,'Magnam autem illum eos eveniet voluptatem cum facilis. Est ut veritatis aperiam rerum aut sint eligendi. Ullam in rerum odit itaque quod repellat est. Doloremque eos accusantium eos tempora et saepe.',_binary 'class',324742434,NULL),(63,3,'Hic sint sit nulla enim a doloremque ea. Cupiditate est ipsam atque doloremque. Natus rerum aliquid sunt aliquam laboriosam non.',_binary 'dtd',278035,NULL),(64,1,'Est odio similique quas distinctio enim. Et quia impedit corrupti vel quidem repudiandae. In praesentium et sequi laborum qui suscipit commodi velit. Saepe commodi placeat dolore qui et.',_binary 'sxi',2,NULL),(65,2,'Incidunt assumenda consequatur qui deserunt est dolor velit. Sed ipsum in odio sed iste accusantium. Sit id ducimus eligendi quis sapiente.',_binary 'wspolicy',2,NULL),(66,3,'Aliquam sit autem voluptatibus voluptatibus iste aliquam. Recusandae aliquid est autem ipsa cum itaque. Et repellendus quia ut quibusdam. Ipsam numquam illum aut dolorum.',_binary 'fvt',1506533,NULL),(67,1,'Pariatur ut dolor nobis et. Ducimus ullam repellendus ea. Omnis eaque est aut accusantium. Non dolore sunt animi reprehenderit est ut impedit.',_binary 'pgm',3854,NULL),(68,2,'Deleniti dolorum aperiam quasi natus eaque. Aliquam in illum eveniet sint veritatis. Voluptatem molestias suscipit nobis ad incidunt et eveniet odit.',_binary '3ds',4592494,NULL),(69,3,'Sed est magni voluptatem nihil impedit. Repellat deserunt debitis adipisci rerum velit nam. Quo repellendus ut voluptas consequatur distinctio id a.',_binary 'pdf',15,NULL),(70,1,'Sit dolor quia voluptas autem sequi et quia occaecati. Aut quasi voluptatibus quibusdam in dolor tenetur dolor voluptatem. Placeat atque nam tempora molestias.',_binary 'm4v',810,NULL),(71,2,'Dolorem facere ut minima aspernatur. Iste at id magni. Culpa molestiae odit autem ratione.',_binary 'bz',28287,NULL),(72,3,'Beatae libero quia minus distinctio veniam. Et consequatur assumenda vero et aut. Et velit hic et repellat deleniti voluptates est.',_binary 'scm',195911287,NULL),(73,1,'Soluta illum ab est sed est sunt sed est. Rem laborum maiores accusantium consectetur sed. Harum qui perspiciatis dolorum et cumque. Quidem praesentium esse aut alias corporis sit aut.',_binary 'ktx',294807,NULL),(74,2,'Quisquam et quia perferendis. Et debitis dolor eum fugit corrupti autem hic et. Accusamus consequuntur voluptates non vel. Ducimus aut officiis in.',_binary 't3',9851,NULL),(75,3,'Id et illum quisquam suscipit dolor. Qui ut animi ut sit qui qui unde sint. Ut blanditiis rerum deleniti. Omnis numquam inventore officia quibusdam enim enim doloremque.',_binary 'cab',6,NULL),(76,1,'Pariatur aut provident perspiciatis consequatur est odit quia. Necessitatibus excepturi voluptate ipsa et. Adipisci dolor maiores a.',_binary 'fvt',4,NULL),(77,2,'Sunt et iure qui commodi expedita explicabo. Dolor doloribus quia quia unde libero itaque. Quasi praesentium nisi minus eum aut dolorem voluptatum ratione.',_binary 'iges',12,NULL),(78,3,'Vero doloribus soluta assumenda vel exercitationem dolorum dolor. Vel sunt tempora impedit et. Distinctio tenetur omnis autem est sint dicta et velit. Voluptas autem ex excepturi dicta ab fugiat.',_binary 'man',13710373,NULL),(79,1,'Sit recusandae temporibus eos qui et ipsam. Alias eligendi optio eligendi a voluptatem commodi. Deleniti impedit accusamus enim inventore enim veniam inventore.',_binary 'xop',82,NULL),(80,2,'Est iste nemo ut earum sunt. Necessitatibus doloremque exercitationem alias nihil consequatur saepe in. Praesentium ipsa et reprehenderit ipsa qui. Repellat autem possimus architecto nam.',_binary 'rdz',22,NULL),(81,3,'Ratione eligendi sequi voluptas. Possimus dolores ullam voluptas voluptates et rerum cumque. Labore maxime voluptatibus aperiam animi velit.',_binary 'link66',5,NULL),(82,1,'Voluptates recusandae quasi et sint quia amet autem asperiores. Officia voluptatem deleniti voluptas architecto.',_binary 'sxw',978,NULL),(83,2,'Voluptate voluptatem et ad aliquam. Eaque iusto eaque maiores quam. Aperiam exercitationem porro facilis.',_binary 'rdf',415,NULL),(84,3,'Placeat exercitationem aspernatur dolores. Molestias voluptas ab unde sapiente consequuntur voluptatem.',_binary 'slt',8390459,NULL),(85,1,'Totam at amet rem esse. Sint repellendus alias distinctio. Eius molestiae suscipit et facere rerum. Ullam quaerat alias facilis perferendis ullam et dolorum.',_binary 'wmlc',0,NULL),(86,2,'Magnam harum molestiae repudiandae. Qui qui natus dolores labore expedita consequatur et. Assumenda et doloremque et eius.',_binary 'sti',87762938,NULL),(87,3,'Impedit nihil eos sunt fuga modi modi. Et mollitia non velit ipsam veniam ex. Enim tenetur labore doloribus id. Porro autem porro provident temporibus minima et. Nemo laboriosam aliquid velit nemo.',_binary 'cmx',0,NULL),(88,1,'Ut alias qui dicta praesentium dignissimos. Excepturi accusantium aut officiis necessitatibus ea. Qui perspiciatis nobis autem rem nihil.',_binary 'ttc',5419,NULL),(89,2,'Sit ea praesentium blanditiis animi sunt sit. Ut praesentium temporibus laborum rem. Qui ab aut voluptatum corrupti.',_binary 'odt',60464717,NULL),(90,3,'Omnis aperiam consequuntur delectus vel. Et occaecati quam alias ipsum aperiam voluptatum fugiat. Deleniti possimus itaque cum. Saepe sit corporis neque nemo iste quo ducimus.',_binary 'tao',84,NULL),(91,1,'Ducimus hic quaerat ut illum. Et sunt officia ut placeat.',_binary 'xpm',1965,NULL),(92,2,'Aut minus fugit delectus dolor. Quod ut sint molestias necessitatibus. Incidunt et quia voluptatem exercitationem quam.',_binary 'xz',901427929,NULL),(93,3,'Qui necessitatibus aliquid consequatur est. Ducimus consequatur quasi accusantium possimus. Sed facere quasi aperiam magnam velit ex qui voluptatem. Eum ad voluptatem et accusamus.',_binary 'vob',50150,NULL),(94,1,'Nam eos laudantium a molestiae quis voluptatum. Vel cum libero sit voluptatem. Qui sequi dolores velit sapiente aut fugit.',_binary 'stl',3811399,NULL),(95,2,'Vitae et omnis illo nisi. Nesciunt ea beatae alias qui ex et ratione. Ratione vitae enim omnis sit aliquam.',_binary 'gdl',740,NULL),(96,3,'Occaecati qui voluptas impedit adipisci. Facilis asperiores sint qui rerum quae. Qui recusandae doloribus ut laboriosam magnam cumque suscipit.',_binary 'silo',2492784,NULL),(97,1,'Facere tempore voluptate quod praesentium assumenda quisquam. Et ad excepturi ab harum. Blanditiis nihil hic et perferendis.',_binary 'rdf',403077217,NULL),(98,2,'Ad ut sed neque doloribus rerum ut. Velit dolores sit ipsum adipisci et. Molestias itaque mollitia illo. Dignissimos expedita dicta commodi quia omnis atque sunt sunt.',_binary 'uvvz',20941301,NULL),(99,3,'Nisi rerum ducimus ea. Ut voluptatem ut qui ad commodi aut. Omnis et facilis nisi quibusdam aperiam. Consectetur iure omnis consequatur quae.',_binary 'kwt',1428,NULL),(100,1,'Molestias aliquam consequatur est voluptatum. Debitis pariatur hic eos qui. Voluptatem magni blanditiis quae vero est perspiciatis illo reprehenderit.',_binary 'pct',13303,NULL);
/*!40000 ALTER TABLE `media` ENABLE KEYS */;
UNLOCK TABLES;

--
-- Table structure for table `media_types`
--

DROP TABLE IF EXISTS `media_types`;
/*!40101 SET @saved_cs_client     = @@character_set_client */;
/*!50503 SET character_set_client = utf8mb4 */;
CREATE TABLE `media_types` (
  `id` int NOT NULL AUTO_INCREMENT,
  `name` varchar(245) NOT NULL,
  PRIMARY KEY (`id`)
) ENGINE=InnoDB AUTO_INCREMENT=4 DEFAULT CHARSET=utf8mb4 COLLATE=utf8mb4_0900_ai_ci;
/*!40101 SET character_set_client = @saved_cs_client */;

--
-- Dumping data for table `media_types`
--

LOCK TABLES `media_types` WRITE;
/*!40000 ALTER TABLE `media_types` DISABLE KEYS */;
INSERT INTO `media_types` VALUES (1,'thmx'),(2,'ifm'),(3,'nml');
/*!40000 ALTER TABLE `media_types` ENABLE KEYS */;
UNLOCK TABLES;

--
-- Table structure for table `messages`
--

DROP TABLE IF EXISTS `messages`;
/*!40101 SET @saved_cs_client     = @@character_set_client */;
/*!50503 SET character_set_client = utf8mb4 */;
CREATE TABLE `messages` (
  `id` int NOT NULL AUTO_INCREMENT,
  `from_user_id` int NOT NULL,
  `to_user_id` int NOT NULL,
  `text` text NOT NULL,
  `created_at` datetime NOT NULL DEFAULT CURRENT_TIMESTAMP,
  PRIMARY KEY (`id`),
  KEY `fk_messages_users1_idx` (`from_user_id`),
  KEY `fk_messages_users2_idx` (`to_user_id`),
  CONSTRAINT `fk_messages_users1` FOREIGN KEY (`from_user_id`) REFERENCES `users` (`id`),
  CONSTRAINT `fk_messages_users2` FOREIGN KEY (`to_user_id`) REFERENCES `users` (`id`)
) ENGINE=InnoDB AUTO_INCREMENT=101 DEFAULT CHARSET=utf8mb4 COLLATE=utf8mb4_0900_ai_ci;
/*!40101 SET character_set_client = @saved_cs_client */;

--
-- Dumping data for table `messages`
--

LOCK TABLES `messages` WRITE;
/*!40000 ALTER TABLE `messages` DISABLE KEYS */;
INSERT INTO `messages` VALUES (1,1,25,'Id temporibus provident deleniti quo itaque. Consectetur officia quae quo omnis harum. Eaque doloremque animi expedita tempore rem maiores et.','1976-06-05 08:44:48'),(2,2,41,'Architecto sed ex quasi qui ea ab. At odio sequi laborum sint quasi consequatur aut. Harum provident suscipit ut quae quos. Corporis magni sed necessitatibus quidem quia iure.','2019-02-19 00:01:33'),(3,3,58,'Doloremque non incidunt voluptas eaque dolor reprehenderit ut. Omnis tempore natus saepe dolorum dolorum. Fuga odit qui et error dolorum. Ut neque neque exercitationem nihil voluptatibus tenetur.','1993-09-22 06:54:56'),(4,4,62,'Ducimus dolor omnis consequatur et dolor in. Aliquam qui quia laudantium reiciendis rerum. Veniam ipsa nulla itaque sint ab velit excepturi.','2003-03-07 00:02:37'),(5,5,49,'Perferendis beatae assumenda corrupti. Molestias asperiores sit occaecati. Possimus et quas est quisquam omnis.','1996-02-22 17:59:04'),(6,6,16,'Autem tempora totam qui non. Veritatis velit quaerat fugiat aut qui. Dolor adipisci est odit neque.','1979-02-13 08:48:27'),(7,7,68,'Ipsam consequuntur vel qui quia exercitationem. Voluptatum enim et minus doloremque. Delectus neque magni quis amet eos. Accusamus quis voluptatibus laborum molestiae suscipit itaque blanditiis est.','2011-03-15 22:46:15'),(8,8,31,'Velit reiciendis assumenda aut quisquam dolores facere. Maiores asperiores impedit quasi fugit. Facere facere facere non.','2005-08-20 02:45:23'),(9,9,33,'Odio quia dolor aut amet voluptatum odit autem. Temporibus rerum et illo omnis perspiciatis.','1993-04-16 15:48:28'),(10,10,14,'Fugiat magni qui eos ipsam quidem. Ab fuga voluptas vel rem numquam harum ullam blanditiis. Fugit est voluptas et ut. Ut reprehenderit quasi rerum.','1989-07-07 16:37:10'),(11,11,98,'Amet omnis nisi quasi commodi voluptatum odio quisquam. Ducimus in tenetur commodi est. Aliquid excepturi sed veritatis fugiat rerum odit est.','1975-10-27 22:46:15'),(12,12,86,'Sunt officia officiis similique aut adipisci aut iste. Ipsam fuga est sit et qui dolores. Molestiae ducimus ut vitae consequatur ratione.','1987-09-11 05:11:32'),(13,13,10,'Vel est blanditiis dolor architecto. Quos atque eaque vitae atque iste. Veniam atque quod quam accusantium enim. Excepturi in commodi sit et est pariatur velit.','1981-02-27 02:45:52'),(14,14,65,'Labore aut quia explicabo ut asperiores dolor eum. Sapiente reiciendis nemo facilis ut sunt quia.','2005-10-09 22:39:14'),(15,15,1,'Recusandae voluptatum adipisci beatae quia. Distinctio facilis voluptas nam. Provident consequatur culpa nihil doloremque et illo. Nostrum reiciendis repellat beatae natus libero et.','2001-09-01 07:22:14'),(16,16,7,'Culpa reprehenderit consequatur maxime rerum. Saepe veritatis eveniet repellendus nobis. Quo nobis et qui ut soluta facere. Consequuntur optio dolore magnam dolor.','2011-07-10 14:42:40'),(17,17,40,'Quis alias voluptate molestiae culpa. Illo occaecati optio recusandae sint est est. Iure labore tempora omnis doloremque voluptas. Vel dignissimos delectus veniam aut.','1980-12-28 18:27:38'),(18,18,31,'Velit dignissimos possimus est omnis incidunt earum accusantium. Et sed laboriosam ullam voluptatibus nemo. Porro tempore dolores eveniet minima aut quis. Qui quos recusandae ex nobis.','1975-03-02 00:00:32'),(19,19,19,'Aperiam et hic velit quia possimus expedita aut. Reiciendis ducimus iure aut et ab. Omnis exercitationem illo necessitatibus maxime perspiciatis inventore.','2015-02-23 02:38:45'),(20,20,24,'Dolorem minus pariatur animi necessitatibus natus quae et. Et ut in ex deleniti id occaecati illum. Facilis vel tempora vero neque pariatur.','1970-02-23 04:22:58'),(21,21,41,'Architecto a ducimus sed. Modi nisi sequi et. Ipsa quisquam velit laboriosam doloremque. Maxime nesciunt ducimus eos qui.','1983-08-26 10:10:47'),(22,22,49,'Corporis et nemo quo voluptas qui. Temporibus quas beatae explicabo autem voluptate nobis sit provident. Ducimus omnis qui repudiandae sit.','1977-05-16 12:49:15'),(23,23,90,'Qui enim nulla voluptatem tempore commodi numquam sit. Velit laboriosam reiciendis voluptatem aliquid maxime. Dolore provident culpa veritatis expedita dignissimos veniam.','1973-05-02 07:39:32'),(24,24,98,'Fugiat iusto laborum dolores quia. Deleniti repellat numquam nemo consequuntur nihil expedita aperiam. Commodi blanditiis assumenda velit voluptatem.','1971-10-02 11:34:53'),(25,25,92,'Molestiae voluptatem at minus. Voluptatem nobis est quis nobis tempore aut enim. Et amet vel harum accusantium eos officia ipsam aut. Quia deserunt quidem id velit cumque.','1996-07-09 06:56:13'),(26,26,97,'Totam maxime a est vero autem corrupti. Mollitia est sed maiores aspernatur praesentium repellendus voluptatem. Ipsa veniam fuga dignissimos quas.','2016-01-23 15:50:40'),(27,27,19,'Nesciunt culpa eum officiis omnis et dolor iusto debitis. Suscipit sunt voluptas aliquam eveniet laboriosam eligendi. Dicta temporibus impedit expedita.','2002-02-11 08:44:39'),(28,28,80,'Ea quo quo tenetur dolorem quisquam quae ullam. Impedit rerum nemo non tempore cum. Dolor unde ducimus reprehenderit incidunt blanditiis ipsum. Molestiae aut ut error quo culpa est.','1991-03-24 13:49:17'),(29,29,48,'Id repellat ea aut eius commodi aliquid sunt. Non omnis est error optio omnis et. Soluta qui blanditiis nesciunt et quis.','2003-12-22 06:14:55'),(30,30,64,'Sunt tenetur aut unde harum laudantium. Nam impedit unde et ea iure. Tempora illum reprehenderit laudantium aut doloremque voluptatibus architecto. Doloremque rerum vero voluptatibus quae.','1983-03-12 13:26:41'),(31,31,65,'Sunt velit ab labore aperiam. Aut rerum ipsam laboriosam ex qui quas sed. Consectetur et voluptate nisi eligendi qui facilis.','2016-08-21 00:36:50'),(32,32,14,'Sed ea ad voluptate est. Iusto ex dolor optio vitae dolore doloribus. Est numquam dolor consequatur maxime. Quod officia perspiciatis rerum necessitatibus quis saepe eos.','2013-08-06 22:50:53'),(33,33,89,'Est assumenda omnis assumenda qui deserunt. Voluptatum corporis eos eaque velit aliquam non hic. Id ut iusto commodi porro. Sed consequuntur sit rerum aspernatur quam rerum quaerat.','2017-12-19 21:17:54'),(34,34,10,'Impedit maxime voluptatem quas repudiandae saepe. Nisi et quis sequi cupiditate earum assumenda. Veritatis nisi dignissimos nam suscipit aliquid.','1974-08-12 12:18:43'),(35,35,8,'Maiores nesciunt quod iste laborum. Voluptatem qui consectetur voluptas. Velit veritatis maiores delectus corporis quisquam explicabo voluptatem qui.','2011-10-01 01:02:02'),(36,36,85,'Ea ab ratione delectus quod dolor corporis officiis. Harum eos et doloribus ut sunt dolor alias.','2014-09-20 18:50:05'),(37,37,20,'Vel voluptatibus voluptas pariatur eos nulla voluptatem. Et sunt quis non voluptates odit.','2004-05-30 17:57:27'),(38,38,6,'Iusto temporibus expedita adipisci aut est. Sit cumque et debitis quam aut error corrupti. Ea pariatur nostrum autem et dolor.','1987-11-25 05:26:06'),(39,39,68,'Occaecati voluptates et quo molestiae sapiente adipisci. Repudiandae quo debitis dolor consequatur. Dolore totam deleniti ut qui qui provident expedita alias.','2012-04-03 00:56:59'),(40,40,64,'Ut inventore qui at doloribus dolore veritatis. At voluptate voluptatibus natus assumenda voluptas neque soluta. Quos maiores aperiam ut quis veniam odio.','1997-01-29 05:40:27'),(41,41,95,'Aliquid modi minima tenetur voluptatem et quo. Et dolores aut a. Maxime quasi ut nesciunt repudiandae enim ratione quasi perferendis. Non accusantium saepe facilis et quam expedita vero.','2009-06-03 18:58:29'),(42,42,89,'Reiciendis fugiat ullam dolorem et non omnis. Ipsam voluptatem explicabo assumenda non molestiae exercitationem. Ut quia sunt sit possimus.','2003-03-22 03:24:42'),(43,43,2,'Iusto ipsam et atque. Voluptas delectus est quis ea. Aut illo repellendus et quidem animi et.','1984-06-22 19:29:11'),(44,44,22,'Corrupti pariatur sunt deleniti eos. Voluptas tempora in modi quae. Qui est vel consequatur consequatur et asperiores. Aut porro ad architecto eligendi reiciendis aperiam.','2014-12-04 00:16:21'),(45,45,53,'Ipsam ab nisi inventore velit quasi qui nesciunt. Omnis rerum eveniet nostrum. Dolore sunt eveniet minus nostrum. Odio aperiam sed voluptatem saepe quasi.','1988-07-25 20:35:24'),(46,46,26,'Nihil officiis architecto cum. Quo iure sint voluptatem amet praesentium aut. Sit recusandae id voluptatem nemo voluptatem. Perferendis labore aperiam consequuntur.','2013-01-07 13:04:03'),(47,47,11,'Suscipit consequatur esse molestiae tenetur. Quidem corporis atque deleniti accusamus. Unde ut et vero. Dolores placeat a a laudantium eveniet sed facilis.','1998-09-09 04:22:15'),(48,48,53,'Impedit non autem perspiciatis tempore porro eos deserunt fugit. Aperiam cumque ea repellat quasi quia ea. Magnam deserunt quidem quos quas ullam et. Saepe odio velit quis doloremque.','1995-07-25 13:26:10'),(49,49,88,'Ad qui distinctio aut exercitationem. Et ipsa voluptatum eveniet quos non incidunt nihil. Nihil doloribus atque accusamus ex.','1980-02-24 05:08:31'),(50,50,94,'Et temporibus fugiat non omnis repudiandae qui non eveniet. Eum eum consequatur ducimus repellat vero quas dolorem. Quidem qui molestiae est impedit dolores.','1985-07-14 13:30:03'),(51,51,71,'Non quia nostrum quam dolores distinctio. Molestias ad nam quibusdam nesciunt sit placeat. Ea nihil et dolores est dolorem.','1999-08-08 20:51:30'),(52,52,84,'Saepe non quisquam delectus quam. Consequatur impedit sit ut voluptas recusandae cupiditate dicta. Eum nulla eum quasi facilis cum. Beatae quos sunt natus.','2003-10-24 18:15:23'),(53,53,82,'Et sint architecto libero eos fugit delectus. Reprehenderit ex facilis aut dicta minima. Dolore reprehenderit aut recusandae.','1993-09-20 15:16:35'),(54,54,2,'Ad ut tempora ut quibusdam delectus optio. Eius nesciunt mollitia ex laborum deleniti. Consequatur non et aut voluptatem commodi numquam aliquid. Laboriosam sunt temporibus qui.','2008-07-19 21:56:04'),(55,55,43,'Est id ab est optio quam illo. Quasi est ea nihil deleniti aut et est magni. Voluptatem dolore quia unde cupiditate. Officia porro cupiditate incidunt saepe laudantium.','1982-04-22 20:30:58'),(56,56,66,'Sit non qui dicta quia asperiores et. Sunt exercitationem id iste dignissimos est nobis praesentium rem.','1991-12-13 12:55:46'),(57,57,5,'Similique possimus sint et dolores quia est non. Nihil repudiandae rem quae numquam neque atque hic. Placeat fuga similique laborum dolores aut et. Vel iusto qui sequi rem non a cumque aut.','2001-08-28 03:28:01'),(58,58,75,'Qui et aut atque non. Maxime aut aut cumque libero placeat velit vero rerum. Dicta amet inventore eum eveniet voluptatem delectus modi. Corporis a natus possimus est deleniti veritatis.','1974-07-05 20:35:25'),(59,59,76,'Asperiores ab minus ducimus. Sequi beatae exercitationem beatae aperiam consequatur nobis. Commodi rerum aut nostrum doloribus aut tempore nemo.','2004-10-15 14:23:21'),(60,60,37,'Optio ut voluptatem dolores sapiente aut in quibusdam. Et accusamus illo quo labore architecto soluta. Pariatur iste accusamus eligendi quae velit a. Sapiente placeat mollitia expedita quibusdam.','1998-03-11 15:18:57'),(61,61,62,'Ratione minus omnis mollitia vel eveniet. Facilis eum maiores odit et dolore. Modi possimus porro maxime.','1980-11-04 19:26:57'),(62,62,85,'Facilis nam enim consequuntur omnis. Suscipit ipsa voluptas omnis illum vitae.','2019-04-26 17:46:00'),(63,63,93,'Aut repellat fuga incidunt veritatis. Et odio tenetur pariatur dolor. Aliquam cupiditate necessitatibus perferendis aut eligendi. Sed qui omnis quam totam commodi suscipit nemo.','1994-03-14 06:22:43'),(64,64,39,'Quos inventore voluptatem dolores ut. Blanditiis tempore maiores sit eum et. Vitae ducimus et dolor quos. Magni eum rerum vel dolore blanditiis eveniet officia provident.','2018-05-12 16:02:42'),(65,65,91,'Laboriosam ut omnis beatae sint rerum qui alias. Repudiandae consectetur laborum aliquam voluptates amet itaque. Dolore consequatur et ad dolores amet magni ea. Nesciunt sit eius et quidem dolorum.','1982-06-16 13:44:59'),(66,66,72,'Totam quis nostrum doloremque ut expedita recusandae est. Quas quia odit officiis est. Ut aut asperiores et non ex.','2014-12-23 16:22:43'),(67,67,38,'Explicabo voluptatem in voluptas eligendi. Numquam omnis est nisi nostrum exercitationem voluptatem. Excepturi nihil quia atque vero aut odit quasi. Quae nam nesciunt aliquid hic.','1979-02-04 16:59:18'),(68,68,19,'Facilis qui amet fugit maxime et id ad. Aliquam quod rerum non voluptatem optio repellat mollitia. Vel nobis doloribus eum sit beatae.','1974-07-24 04:13:21'),(69,69,97,'Consectetur ea fuga distinctio officiis tempora laudantium quo. Quam non occaecati iste voluptatem qui facilis. Eveniet recusandae molestiae quis assumenda.','1977-03-05 08:10:35'),(70,70,73,'Velit in est quis sunt laboriosam temporibus voluptas. Odit eveniet rerum cupiditate. Repellendus omnis doloribus corporis.','1982-11-12 02:18:15'),(71,71,34,'Nobis corporis labore voluptas dignissimos quo enim. Consequuntur qui omnis est ut.','1971-04-07 06:46:57'),(72,72,94,'Perspiciatis et quis deserunt omnis rerum ex ut. Nemo quas ratione placeat et minima laudantium. Laboriosam dolorum enim ducimus dolor culpa tempora.','1982-07-19 17:53:09'),(73,73,61,'Explicabo odit cumque voluptas necessitatibus. Cumque necessitatibus aut dolore facere ut et. Atque sequi laborum voluptatem amet officiis accusamus ipsa doloremque.','1983-09-23 21:00:41'),(74,74,86,'Ipsum iure laboriosam rerum at qui rerum. Soluta veritatis eum placeat incidunt. Ad minima rerum ipsum accusamus.','1972-03-30 09:07:56'),(75,75,20,'Provident amet consectetur est doloribus porro iure aut. Nihil commodi sit autem nemo natus est. Ut et odit esse non animi. Ducimus impedit officia dolore sed veniam.','2020-07-03 07:13:29'),(76,76,16,'Ratione aperiam sed enim sed omnis. Voluptatum aliquid vitae nulla ea consequatur fugit. Provident optio voluptatem quis quia vel reprehenderit qui.','2005-05-12 18:46:52'),(77,77,78,'Non hic qui aut facere. Aperiam ipsa quo voluptates quae. Earum et vel corrupti praesentium cumque. Omnis ea et id.','1986-12-11 04:54:14'),(78,78,58,'Tempore in odit et est ut voluptatem id perspiciatis. Reiciendis aut itaque ad commodi laboriosam reiciendis.','2012-11-11 13:37:56'),(79,79,34,'Voluptatem omnis illum voluptatem repellendus ipsam. Qui debitis voluptatem consequatur tenetur. Et ut ratione sunt incidunt. Ut rem commodi consequatur aut rerum temporibus.','1997-10-29 21:11:26'),(80,80,58,'Exercitationem rerum et est labore minima veniam natus. Maiores voluptatem veniam et cumque.','1990-10-05 23:44:16'),(81,81,40,'Enim dicta ducimus dolores error nostrum eum sint. Ipsum amet est amet qui vero laudantium.','2011-05-15 13:43:22'),(82,82,20,'Ut molestias inventore qui voluptatem qui qui ea accusamus. Repudiandae vel velit omnis iure consequatur voluptatem quisquam. Sit aut fugit numquam aliquid.','2013-04-14 12:56:20'),(83,83,30,'Perferendis expedita sit velit ex. Vel neque illum et dolorem. Quasi quis perferendis unde qui.','2002-07-02 02:41:53'),(84,84,19,'Reprehenderit vel eos et aut. Maxime sit quasi consequatur nostrum iusto. Fuga eveniet non aut ducimus fugit dolore. Amet fuga neque quia itaque ipsam.','1980-07-20 16:54:44'),(85,85,1,'Minima rerum optio aut ullam voluptas assumenda. Pariatur suscipit ipsam aut aut voluptatem. Placeat velit sed voluptatibus vel. Asperiores sit molestiae accusantium voluptas quas inventore.','1977-09-28 06:36:00'),(86,86,97,'Sint aperiam deleniti sit quo maxime veniam ipsa. Sit tempore perspiciatis doloremque eaque. Quo vitae et corporis voluptas pariatur ad numquam. Voluptatem perferendis quia atque doloribus ex fugit.','2004-02-11 12:28:03'),(87,87,15,'Ea commodi rem molestiae non sunt ducimus delectus. Ut sit eius velit blanditiis. Quas sint culpa aspernatur quasi eos.','2005-07-28 20:14:22'),(88,88,76,'Doloremque quo voluptatem temporibus officia animi eveniet laborum. Molestiae sapiente impedit alias a. Voluptatem veniam eos et soluta soluta.','2009-09-26 04:18:41'),(89,89,73,'Cum dicta et consectetur possimus saepe voluptas reiciendis at. Totam architecto aperiam modi nihil.','1985-06-20 01:53:07'),(90,90,54,'Molestiae nemo ad quos molestias sit ea nemo. Voluptas culpa quia qui nostrum. Ut dolor error officiis est laborum omnis qui. Deleniti commodi mollitia quia labore ut.','2010-08-05 22:46:38'),(91,91,96,'Est autem et numquam blanditiis ipsam voluptas. Totam dicta est et omnis. Corporis unde aspernatur quae. Nihil sequi qui dolorum ad.','1993-10-02 23:45:58'),(92,92,86,'Alias ut placeat ut qui ut. Quaerat omnis sed mollitia aliquid nobis eos. Ducimus tempora assumenda quasi. Eum delectus consequuntur qui assumenda fugit enim.','2016-10-25 23:05:42'),(93,93,94,'Id dolorum velit accusamus dolores aspernatur esse. Temporibus sint pariatur omnis. Voluptas nesciunt corporis debitis occaecati dolorum excepturi labore.','1995-07-23 14:53:46'),(94,94,72,'Et debitis deleniti eum nobis in enim sit. Perferendis error architecto commodi doloremque eligendi.','2018-10-15 07:26:23'),(95,95,63,'Qui rerum dolorum eos qui. Unde hic nisi ea facilis. Fugiat asperiores voluptas aut assumenda eos laborum quod. Et qui consequatur fugiat consequatur atque aut ut eos.','1973-02-24 23:27:52'),(96,96,4,'Ea quis cum ex voluptatem dolor voluptatem delectus. Similique quis dolorum quae maxime. Est accusamus blanditiis sit excepturi iste nobis.','1983-04-28 09:12:42'),(97,97,6,'Et quos necessitatibus in consectetur aut vero. Explicabo porro quae fugiat reiciendis. Ipsam possimus ut commodi quas. Et reiciendis tempora et dolorem molestiae quo.','2000-10-30 01:14:17'),(98,98,51,'Nihil nesciunt et natus repudiandae. Maiores qui neque impedit dignissimos. Eveniet sed harum quam soluta. Hic et sunt soluta hic sed consequuntur.','1980-12-22 08:25:01'),(99,99,65,'Cum et repellendus rerum dicta reiciendis quis doloremque. Voluptatum iste dolores officia consequatur doloribus modi nam. Minima quibusdam sit sit deleniti tempore odit.','1990-10-12 23:55:06'),(100,100,13,'Sequi commodi nihil aut. Et illum vel ipsa est quam. Magni sed ut enim accusantium ipsum eligendi saepe. Et harum placeat eum nemo odio repellendus.','2007-03-24 06:44:51');
/*!40000 ALTER TABLE `messages` ENABLE KEYS */;
UNLOCK TABLES;

--
-- Table structure for table `photo_albums`
--

DROP TABLE IF EXISTS `photo_albums`;
/*!40101 SET @saved_cs_client     = @@character_set_client */;
/*!50503 SET character_set_client = utf8mb4 */;
CREATE TABLE `photo_albums` (
  `id` int NOT NULL AUTO_INCREMENT,
  `name` varchar(245) NOT NULL,
  `decs` text,
  `user_id` int NOT NULL,
  PRIMARY KEY (`id`),
  KEY `fk_photo_albums_users1_idx` (`user_id`),
  CONSTRAINT `fk_photo_albums_users1` FOREIGN KEY (`user_id`) REFERENCES `users` (`id`)
) ENGINE=InnoDB AUTO_INCREMENT=101 DEFAULT CHARSET=utf8mb4 COLLATE=utf8mb4_0900_ai_ci;
/*!40101 SET character_set_client = @saved_cs_client */;

--
-- Dumping data for table `photo_albums`
--

LOCK TABLES `photo_albums` WRITE;
/*!40000 ALTER TABLE `photo_albums` DISABLE KEYS */;
INSERT INTO `photo_albums` VALUES (1,'velit','Sunt voluptatem ut non aut in blanditiis quod.',1),(2,'tempora','Culpa quibusdam eos quos fugit et cumque.',2),(3,'velit','Temporibus eos nam et commodi veniam deleniti.',3),(4,'voluptas','Aliquid qui odit rem.',4),(5,'velit','Aut facilis est laudantium unde asperiores eligendi voluptatum.',5),(6,'dolorem','Et doloribus nihil nemo ut totam autem.',6),(7,'explicabo','Quo sunt in qui ducimus voluptate fugiat odio.',7),(8,'rerum','Quia ut quos distinctio quis ea.',8),(9,'error','Inventore ut quo odit quo est omnis.',9),(10,'tenetur','Ad animi fuga quis accusantium a.',10),(11,'atque','Tenetur cumque ducimus est perspiciatis dignissimos maiores.',11),(12,'deserunt','Beatae voluptates temporibus qui quo porro tempore.',12),(13,'inventore','Commodi totam in consequatur qui quibusdam.',13),(14,'reiciendis','Error ducimus itaque reprehenderit provident alias amet fuga.',14),(15,'saepe','Cumque velit id aut consequatur optio fugit.',15),(16,'magnam','Incidunt velit quos omnis autem rerum.',16),(17,'asperiores','Cum deleniti nostrum nam impedit dolores adipisci.',17),(18,'quidem','Excepturi sed occaecati culpa eos et.',18),(19,'accusantium','Qui est quia quo est.',19),(20,'itaque','Ut in libero aut et et id deleniti.',20),(21,'libero','Consequatur et qui pariatur laudantium magni dolor.',21),(22,'aut','Molestiae recusandae est odit mollitia aspernatur rerum.',22),(23,'in','At molestiae ut placeat eligendi dignissimos.',23),(24,'veritatis','Rerum id sunt voluptas consequatur.',24),(25,'perspiciatis','Repellendus culpa qui minima qui saepe.',25),(26,'natus','Natus et veniam atque sunt reprehenderit voluptatem.',26),(27,'soluta','Qui tempora unde minus velit veritatis cupiditate.',27),(28,'voluptatem','Eum est itaque similique sit.',28),(29,'non','Facilis tempore fugit eum repudiandae eum iusto.',29),(30,'aut','Perspiciatis quae nulla aspernatur vero placeat.',30),(31,'porro','Dolorum iste assumenda est.',31),(32,'dolores','Non explicabo expedita accusamus rerum dicta quia et.',32),(33,'dolorem','Soluta soluta ut pariatur voluptate laborum saepe a autem.',33),(34,'repellat','Ut recusandae voluptas delectus occaecati eos et veritatis.',34),(35,'et','Omnis ipsum voluptatem temporibus dicta perspiciatis possimus quia.',35),(36,'aut','Nisi adipisci est et cum consectetur a.',36),(37,'qui','Et molestias eum similique officiis harum accusantium ut.',37),(38,'possimus','Veritatis aut occaecati voluptatem odio ad.',38),(39,'mollitia','Enim a asperiores nostrum.',39),(40,'et','Quibusdam omnis dolores repellat quaerat perferendis ad odio.',40),(41,'nihil','Facere quia nihil amet et.',41),(42,'labore','Alias totam ea pariatur nostrum dolor reprehenderit.',42),(43,'tempore','Quae aperiam qui similique ut voluptatem optio quisquam qui.',43),(44,'quasi','Quo rerum quia nihil quos ratione aperiam voluptatum.',44),(45,'facilis','Et nisi dignissimos eveniet omnis assumenda ut.',45),(46,'soluta','Aut dolores autem omnis consequuntur velit harum.',46),(47,'possimus','Ipsa et velit molestias impedit.',47),(48,'odit','Rem laborum voluptate dicta dignissimos voluptatem aut ipsam fuga.',48),(49,'necessitatibus','Quibusdam sed earum molestiae modi minima dolore.',49),(50,'accusamus','Laudantium ea illo et molestias aut temporibus.',50),(51,'id','Itaque dolorum ex suscipit qui qui incidunt laborum deserunt.',51),(52,'ab','In eius provident omnis numquam in.',52),(53,'hic','Ipsa ad amet quisquam reiciendis numquam vero et.',53),(54,'et','Ut non aspernatur aut iste voluptas.',54),(55,'nesciunt','Praesentium quia dolor exercitationem modi.',55),(56,'nemo','Debitis quisquam ipsum ex recusandae reprehenderit sit ducimus.',56),(57,'ut','Harum asperiores praesentium consectetur aut.',57),(58,'sapiente','Libero aut distinctio quia omnis.',58),(59,'voluptas','Molestias enim molestiae molestiae quos impedit voluptatibus occaecati.',59),(60,'error','Qui eveniet omnis nam vel aperiam reiciendis.',60),(61,'iusto','Neque aliquam molestias est non expedita.',61),(62,'eos','Voluptatem officiis iusto ullam est.',62),(63,'officia','Reprehenderit optio ut molestiae quia qui aspernatur.',63),(64,'dolorem','Architecto totam minus enim ea.',64),(65,'aut','Ab autem earum quaerat fugiat soluta.',65),(66,'sunt','Dolore ut explicabo voluptates.',66),(67,'aspernatur','Enim eveniet voluptatem molestiae quia nihil consequuntur molestiae.',67),(68,'dolorum','Ut quia sunt eius vel qui.',68),(69,'autem','Aut omnis quia quaerat non.',69),(70,'maxime','Unde quae architecto ipsam sint facilis.',70),(71,'minus','Ut et ea quis.',71),(72,'qui','Sequi vitae doloribus natus.',72),(73,'et','Possimus iste quidem quae amet.',73),(74,'velit','Aliquam neque aperiam quia.',74),(75,'est','Tempore deleniti quis non expedita modi.',75),(76,'modi','Impedit repellat nulla voluptas quidem.',76),(77,'sapiente','Veniam debitis nesciunt veritatis ad.',77),(78,'occaecati','Consequuntur itaque vitae dolores quia.',78),(79,'excepturi','In iusto est quasi velit aliquid cupiditate.',79),(80,'nulla','Sunt quibusdam aspernatur quo sit autem dignissimos.',80),(81,'voluptates','Ad atque vero placeat quasi eligendi ad consequatur.',81),(82,'omnis','Nihil et repellendus nobis non laboriosam est.',82),(83,'autem','Dolorem deserunt autem corporis rerum aperiam.',83),(84,'incidunt','Saepe qui vero error illum laudantium ut.',84),(85,'maiores','Laborum hic vero quos vero.',85),(86,'pariatur','Dicta velit aut harum maiores.',86),(87,'magni','Pariatur laborum optio ipsa et voluptatem qui ad.',87),(88,'debitis','In dignissimos nam eos aut.',88),(89,'laborum','Eius temporibus hic reiciendis velit.',89),(90,'nulla','Reprehenderit voluptas magni sed quos qui ut minima aut.',90),(91,'exercitationem','Voluptas sequi est nihil quia enim aut eligendi.',91),(92,'nobis','Iste dolore magni et ex minus minima debitis.',92),(93,'sunt','Doloribus et reiciendis nesciunt minima similique tempore.',93),(94,'sunt','Nam debitis explicabo ab.',94),(95,'doloremque','Eum sed molestias dolorem ut sunt officia ipsa.',95),(96,'illum','Qui repudiandae sunt qui aut.',96),(97,'quia','Voluptatem eum enim mollitia officia.',97),(98,'velit','Dolore autem dolorum et impedit placeat et.',98),(99,'voluptatem','Tempore quaerat quo ullam cupiditate deleniti sapiente et.',99),(100,'asperiores','Id quo facere quod voluptas dolor animi aliquid.',100);
/*!40000 ALTER TABLE `photo_albums` ENABLE KEYS */;
UNLOCK TABLES;

--
-- Table structure for table `photos`
--

DROP TABLE IF EXISTS `photos`;
/*!40101 SET @saved_cs_client     = @@character_set_client */;
/*!50503 SET character_set_client = utf8mb4 */;
CREATE TABLE `photos` (
  `id` int NOT NULL,
  `album_id` int NOT NULL,
  `media_id` int NOT NULL,
  PRIMARY KEY (`id`),
  KEY `fk_photos_photo_albums1_idx` (`album_id`),
  KEY `fk_photos_media1_idx` (`media_id`),
  CONSTRAINT `fk_photos_media1` FOREIGN KEY (`media_id`) REFERENCES `media` (`id`),
  CONSTRAINT `fk_photos_photo_albums1` FOREIGN KEY (`album_id`) REFERENCES `photo_albums` (`id`)
) ENGINE=InnoDB DEFAULT CHARSET=utf8mb4 COLLATE=utf8mb4_0900_ai_ci;
/*!40101 SET character_set_client = @saved_cs_client */;

--
-- Dumping data for table `photos`
--

LOCK TABLES `photos` WRITE;
/*!40000 ALTER TABLE `photos` DISABLE KEYS */;
INSERT INTO `photos` VALUES (0,6,6),(1,65,65),(2,88,88),(3,58,58),(4,60,60),(5,81,81),(6,98,98),(7,25,25),(8,90,90),(9,40,40),(10,46,46),(11,77,77),(12,53,53),(13,19,19),(14,61,61),(16,21,21),(17,72,72),(18,34,34),(19,9,9),(20,74,74),(21,27,27),(22,20,20),(23,5,5),(24,16,16),(25,100,100),(26,95,95),(27,49,49),(28,89,89),(29,71,71),(30,14,14),(31,84,84),(32,50,50),(33,39,39),(34,52,52),(35,7,7),(36,51,51),(37,18,18),(38,24,24),(39,41,41),(40,67,67),(41,42,42),(42,45,45),(43,8,8),(44,66,66),(45,91,91),(46,63,63),(47,62,62),(48,93,93),(49,15,15),(50,64,64),(51,30,30),(52,17,17),(53,12,12),(54,57,57),(55,96,96),(56,11,11),(57,28,28),(58,85,85),(59,99,99),(60,13,13),(61,43,43),(62,68,68),(63,87,87),(64,44,44),(65,4,4),(66,38,38),(67,3,3),(68,73,73),(69,48,48),(70,26,26),(71,56,56),(72,78,78),(73,32,32),(74,47,47),(75,54,54),(76,76,76),(77,33,33),(78,97,97),(79,2,2),(80,79,79),(81,36,36),(82,23,23),(83,92,92),(84,37,37),(85,70,70),(86,10,10),(87,35,35),(88,83,83),(89,94,94),(90,69,69),(91,1,1),(92,55,55),(93,22,22),(94,31,31),(95,75,75),(96,86,86),(97,82,82),(98,80,80),(99,29,29),(100,59,59);
/*!40000 ALTER TABLE `photos` ENABLE KEYS */;
UNLOCK TABLES;

--
-- Table structure for table `profiles`
--

DROP TABLE IF EXISTS `profiles`;
/*!40101 SET @saved_cs_client     = @@character_set_client */;
/*!50503 SET character_set_client = utf8mb4 */;
CREATE TABLE `profiles` (
  `users_id` int NOT NULL,
  `gender` enum('m','f','x') NOT NULL,
  `birthday` date NOT NULL,
  `location` varchar(245) DEFAULT NULL,
  `created_at` datetime NOT NULL DEFAULT CURRENT_TIMESTAMP,
  PRIMARY KEY (`users_id`),
  KEY `fk_profiles_users_idx` (`users_id`),
  CONSTRAINT `fk_profiles_users` FOREIGN KEY (`users_id`) REFERENCES `users` (`id`)
) ENGINE=InnoDB DEFAULT CHARSET=utf8mb4 COLLATE=utf8mb4_0900_ai_ci;
/*!40101 SET character_set_client = @saved_cs_client */;

--
-- Dumping data for table `profiles`
--

LOCK TABLES `profiles` WRITE;
/*!40000 ALTER TABLE `profiles` DISABLE KEYS */;
INSERT INTO `profiles` VALUES (1,'x','1984-02-29','999 Corkery Rue Apt. 418\nConnside, VA 00280','2006-03-07 04:22:22'),(2,'x','1993-06-27','0063 Bednar Path Apt. 057\nEast Vickymouth, AR 28871','1984-04-11 20:09:59'),(3,'x','1987-12-19','83930 Grady Fork\nPort Carolyneton, VA 50348','1986-02-19 14:48:57'),(4,'m','1999-11-19','47177 Strosin Estate Apt. 389\nStammfort, WV 96392-3732','2006-05-07 03:20:58'),(5,'f','1996-10-30','0755 Sasha Oval Apt. 086\nDietrichview, PA 86918-9407','2012-10-31 19:34:17'),(6,'m','2013-11-11','1061 McKenzie Vista\nHarveyhaven, MD 29445-8897','1998-11-11 01:27:55'),(7,'f','2006-10-20','87734 Keon Terrace Apt. 803\nPort Arnaldo, MO 21398-0682','1985-10-06 15:01:48'),(8,'f','2004-03-17','808 Madisyn Haven\nSouth Willa, IA 76301','2019-01-15 07:49:37'),(9,'m','1986-06-04','62946 Yundt Underpass\nPort Stefanie, AL 39376-0196','1993-12-18 06:34:56'),(10,'x','2019-03-20','20520 Kris Falls Suite 767\nGreenholtmouth, MS 96175-7393','1998-02-13 01:39:24'),(11,'f','2015-11-20','44992 VonRueden Trace\nSwaniawskiton, DE 52601-9338','2004-03-22 01:10:46'),(12,'m','1980-08-26','346 Block Groves Suite 969\nKemmerport, NM 34762-3740','2001-08-15 04:39:52'),(13,'m','1979-02-10','225 Dayna Path\nSouth Hailee, NY 73134-4543','2018-10-08 21:19:51'),(14,'x','1989-01-23','09622 Medhurst Stravenue Suite 449\nLake Mackenzie, LA 89044','1974-10-24 18:20:20'),(15,'x','1976-05-29','424 Karelle Lock\nPort Barbaraport, AZ 90667-3366','1998-05-25 04:14:07'),(16,'x','2017-08-03','291 Schaefer Stream\nKarineside, CT 46343','1970-05-13 07:21:33'),(17,'m','1995-11-11','82267 Vallie Mission\nSerenaview, IA 08245-3198','1974-12-02 02:23:05'),(18,'f','1980-01-24','6344 Mosciski Tunnel Apt. 079\nHirthetown, NM 98913','1986-03-22 23:31:50'),(19,'x','1975-09-08','7070 Lebsack Lakes Apt. 767\nSchoenton, HI 69712','2011-03-12 03:52:05'),(20,'x','2005-07-15','227 Mohr Corner Apt. 334\nJazminton, NC 88111-9543','2015-10-07 12:31:09'),(21,'f','1994-04-13','895 Waters Groves\nEast Lucinda, VA 87170','2014-02-10 08:38:06'),(22,'m','1991-02-04','91619 Monahan Pine\nLake Carmen, MS 47304','2019-05-31 16:21:40'),(23,'m','1977-12-08','593 Koepp Camp Apt. 071\nNew Aileen, CO 81563-1168','2001-09-14 21:25:45'),(24,'f','1985-01-16','67772 Blaise Course\nImaniberg, MN 16303-8181','1978-05-07 03:15:58'),(25,'m','2003-11-17','4222 Victor Cove\nEast Krista, SD 94647-9944','2014-01-10 01:49:14'),(26,'m','2002-10-22','5037 Altenwerth Prairie\nNew Eli, UT 25770-7874','1974-09-09 04:03:53'),(27,'m','1995-01-02','71288 Karlee Meadows\nPort Rosatown, RI 52205','1995-11-12 10:53:30'),(28,'f','1970-11-02','27100 Anibal Place Apt. 356\nSouth Mabelle, VA 17611','2015-02-06 01:10:13'),(29,'m','2013-01-15','034 Strosin Manors Apt. 558\nReingerfurt, OR 56454','1996-10-19 05:39:58'),(30,'x','1998-03-21','49024 Kareem Place Apt. 596\nOndrickaville, IA 38959-9855','1997-08-03 11:39:55'),(31,'x','1977-12-06','4386 Harris Turnpike Apt. 071\nNorth Tremaine, CO 16628-5163','2000-07-22 04:36:08'),(32,'f','1979-05-23','39045 Diamond Union Suite 851\nMertzstad, MN 09620-5929','2014-01-15 09:00:18'),(33,'m','1979-05-26','27044 Anderson Pine\nNicolaburgh, ME 08406-0567','2014-11-14 13:21:31'),(34,'f','1994-02-09','93541 Lind Tunnel\nSouth Sallie, NJ 32028','2003-02-26 00:05:41'),(35,'x','2019-04-09','17260 Hayley Island Apt. 133\nMarashire, NC 36186','1975-09-28 09:47:00'),(36,'m','1991-07-15','933 Nikita Ferry Apt. 175\nDiegoside, MT 45312','2005-02-20 16:44:27'),(37,'f','1982-07-12','79322 Brando Fort Apt. 690\nMarquardtmouth, NJ 42816','2008-09-05 12:05:38'),(38,'x','1996-03-08','9393 Gutmann Walk\nOndrickaport, AL 63987','1999-02-15 04:39:19'),(39,'f','1992-01-26','978 Fadel Hills\nDorotheafurt, AL 34946-0134','1991-10-14 10:09:59'),(40,'x','1977-04-23','8177 Wilhelmine Lakes Suite 423\nJoshmouth, MI 56471-1348','2018-07-01 22:16:54'),(41,'x','1986-09-05','079 Keith Trace Suite 068\nEastonside, CO 08545-5058','1982-02-09 10:45:31'),(42,'x','1995-01-17','2082 Wolff Burg Suite 929\nSouth Stuartchester, DE 94632-3747','1990-02-06 11:00:36'),(43,'f','2008-05-30','6027 Hayes Isle Suite 284\nChancemouth, KY 49510','2002-03-03 05:18:09'),(44,'x','1997-12-15','47087 Koelpin Crest\nEast Taryn, HI 38240','2012-03-31 10:07:09'),(45,'x','1989-01-13','16023 Karine Springs\nNew Arnoborough, OK 09475-5638','2007-03-14 02:43:50'),(46,'x','1994-10-23','218 Christiansen Alley Suite 664\nPort Ova, RI 97193-7825','2003-11-07 11:14:59'),(47,'m','2005-08-13','63548 Roob Avenue Suite 807\nColinmouth, NM 22563-5488','2009-12-06 23:14:27'),(48,'x','1973-09-02','28642 Fredy Oval Apt. 870\nBechtelarport, WY 01095-0143','1989-09-11 10:45:49'),(49,'x','2019-09-07','013 Gutmann Landing Apt. 947\nCristianborough, SC 91251-4743','1979-04-06 22:20:24'),(50,'m','2013-02-16','6187 Alexzander Meadow\nPort Fritzburgh, NE 09452','1984-12-10 23:43:43'),(51,'f','1977-10-30','644 Mara Unions\nMetzchester, MD 94405','2007-07-23 15:59:04'),(52,'x','1980-11-17','25753 Cartwright Mountains Apt. 664\nWest Stantonfort, SD 52970','1973-07-30 17:48:10'),(53,'f','1995-12-13','8994 Greta Islands\nHermanborough, CO 98556-5057','2010-07-09 03:36:08'),(54,'f','1989-02-02','943 Lester Junction Suite 376\nLake Alysha, TX 72725-1404','1988-10-12 08:28:18'),(55,'x','2003-08-17','3980 Cormier Port\nSouth Maxineland, OR 17031-9212','2019-02-13 11:50:16'),(56,'m','2010-03-02','8964 Buckridge Forges\nKreigerville, ME 32999-4088','2014-12-12 17:10:18'),(57,'x','1976-08-25','681 Tyshawn Glen Suite 450\nSouth Aurelio, MO 21588','2013-04-25 16:59:26'),(58,'f','1984-04-30','634 Koss Parkway Suite 243\nLake Ramon, ME 47637-8371','2009-02-07 00:53:46'),(59,'x','2015-12-28','0451 Jon Mill\nFarrellhaven, ME 42740-1326','1981-09-28 23:35:29'),(60,'x','2019-06-07','44681 Jenifer Path\nLavonneport, UT 94992','1983-05-10 11:26:06'),(61,'m','2015-08-26','4019 Shanelle Locks Apt. 013\nWest Berthaland, NE 13290','2002-04-30 23:48:00'),(62,'m','2009-06-05','50923 Gerhold Circle\nAstridfort, NJ 70865-9183','2007-04-14 13:17:12'),(63,'m','1981-02-10','80471 Janick Camp Apt. 386\nBartellport, HI 40683-1264','1988-12-07 07:04:41'),(64,'x','1988-05-24','75030 Prosacco Inlet\nWest Gianni, IL 82428','2012-09-10 23:45:22'),(65,'f','1981-05-27','6330 Micah Squares\nEast Tracy, MT 13426-4107','2014-04-09 19:45:22'),(66,'x','2016-06-10','8153 Carissa Via\nNew Sibylbury, OR 33774-2096','1984-12-28 18:59:17'),(67,'m','1979-05-25','030 Blick Inlet Suite 605\nRickberg, MA 39625','1982-11-06 05:22:58'),(68,'f','1973-01-03','126 Cruz Harbor Suite 948\nHelmerville, AL 52739-2755','1978-11-04 20:27:31'),(69,'m','1980-09-23','57851 Witting Turnpike Suite 888\nKuvalisland, PA 77125','1989-07-15 23:32:32'),(70,'m','2013-04-23','58197 Wilderman Groves\nPort Nolaland, NJ 48581','2018-04-26 15:48:56'),(71,'m','1971-05-04','95472 Pfeffer Isle\nLake Laila, WI 50581','1992-03-22 14:46:51'),(72,'m','1973-08-22','85584 Schultz Mill\nGordonfurt, FL 41462-7197','2009-10-29 19:32:39'),(73,'f','1983-11-02','8669 Runolfsson Rapids\nSchinnerburgh, WV 49720','1982-12-22 19:57:10'),(74,'x','2002-06-01','8960 Eda Haven\nNew Sidney, PA 34335','1976-11-19 10:02:46'),(75,'m','1972-07-02','1901 Johnson Plain Suite 887\nNorth Lizeth, WY 29231','1996-01-23 05:15:26'),(76,'x','2000-06-20','57281 Edwin Camp\nSouth Molly, TN 05539','1979-04-05 04:20:55'),(77,'x','1978-05-04','03382 Schneider Canyon Apt. 072\nNorth Mayra, KY 59105-5621','1984-04-06 21:28:26'),(78,'m','2006-04-05','04172 Swift Roads Apt. 249\nNew Skylarburgh, SC 37411','2018-12-31 19:17:53'),(79,'m','2008-06-23','86342 Auer Shore Apt. 191\nPort Murphytown, CO 31596','1971-07-03 10:10:03'),(80,'x','2009-06-18','5275 Kovacek Village Suite 152\nLake Dockbury, ND 43404','1984-03-01 20:34:20'),(81,'x','1995-09-05','85677 Rowe Park Suite 224\nElinorechester, WY 18293-3336','2003-05-24 21:37:55'),(82,'x','2001-05-17','378 Loraine Drives Apt. 312\nCassinport, RI 43901','1993-07-30 18:21:38'),(83,'f','2006-08-26','85249 Toy Road\nHomenickchester, AR 31607-3396','1971-05-08 06:19:25'),(84,'f','1977-09-20','4134 Brock Roads\nEdmondland, MI 06385-4856','2005-06-05 09:06:23'),(85,'m','2005-01-09','75172 Hackett Summit\nSchaeferstad, IN 36741-8426','2001-04-13 20:14:23'),(86,'f','2012-10-30','092 Aletha Squares\nGreenholtbury, CT 27818-5194','1987-01-13 09:20:16'),(87,'f','1985-12-07','22389 Fletcher Island\nWest Lavonne, MA 90630-6055','1983-07-10 18:22:40'),(88,'x','1974-03-01','786 Lupe Land Apt. 030\nCoybury, CO 45611-9773','1984-06-16 13:34:40'),(89,'f','1984-06-24','689 Ola Hollow Suite 514\nNorth Anaismouth, SC 42352','2010-05-19 23:21:59'),(90,'x','1982-05-14','55411 Green Park Suite 745\nNorth Royceside, ID 87825-7127','1971-10-28 17:58:56'),(91,'m','1996-11-01','60563 McLaughlin Port Apt. 011\nLake Issacville, KS 33836','1980-07-17 11:46:08'),(92,'m','2020-02-05','676 Bogan Lights\nDorthaburgh, NY 57328','2012-04-26 11:09:48'),(93,'f','1971-12-17','786 Green Pines Suite 447\nNorth Neha, PA 18247-9547','2008-05-18 22:45:01'),(94,'x','1989-02-07','26788 Adeline Drive Apt. 253\nNew Lia, IN 51720','1971-01-10 02:16:18'),(95,'m','2016-01-13','3513 Howell Mountain\nChasestad, NJ 77925','2001-01-01 04:47:41'),(96,'x','2006-07-14','01945 Brekke Forges\nEast Samview, DE 13071-0065','1973-10-21 16:58:58'),(97,'x','1990-12-29','219 Arnold Crest\nNew Lazaro, NC 95535','1981-07-14 09:23:54'),(98,'f','1975-02-07','440 King Course Suite 680\nNorth Rhoda, IN 23324-1981','1980-12-30 19:29:41'),(99,'f','1980-01-14','413 Zemlak Junctions Apt. 587\nKayleyshire, FL 38301','2010-03-13 22:10:05'),(100,'x','1980-05-12','29765 Easter Grove\nNew Katheryn, WI 21050-7056','1975-10-10 22:23:51');
/*!40000 ALTER TABLE `profiles` ENABLE KEYS */;
UNLOCK TABLES;

--
-- Table structure for table `users`
--

DROP TABLE IF EXISTS `users`;
/*!40101 SET @saved_cs_client     = @@character_set_client */;
/*!50503 SET character_set_client = utf8mb4 */;
CREATE TABLE `users` (
  `id` int NOT NULL AUTO_INCREMENT,
  `firstname` varchar(245) NOT NULL COMMENT 'имя',
  `lastname` varchar(245) NOT NULL COMMENT 'фамилия',
  `email` varchar(245) NOT NULL,
  `phone` bigint NOT NULL COMMENT 'телефон',
  `password_hash` char(64) NOT NULL,
  `id_media` int DEFAULT NULL,
  PRIMARY KEY (`id`),
  UNIQUE KEY `email_UNIQUE` (`email`),
  UNIQUE KEY `phone_UNIQUE` (`phone`),
  KEY `firstname_lastname_idx` (`lastname`,`firstname`),
  KEY `id_media_idx` (`id_media`),
  CONSTRAINT `fk_id_media_media` FOREIGN KEY (`id_media`) REFERENCES `media` (`id`)
) ENGINE=InnoDB AUTO_INCREMENT=101 DEFAULT CHARSET=utf8mb4 COLLATE=utf8mb4_0900_ai_ci COMMENT='пользователи';
/*!40101 SET character_set_client = @saved_cs_client */;

--
-- Dumping data for table `users`
--

LOCK TABLES `users` WRITE;
/*!40000 ALTER TABLE `users` DISABLE KEYS */;
INSERT INTO `users` VALUES (1,'Tyrese','Mitchell','beatty.helena@example.org',89431296060,'f26a576766c3ca7c37cafbd474eadaaefa116bb5',1),(2,'Ahmad','Lynch','zoie.schmeler@example.net',89484536278,'ac27856f03d7f5ad74fc625af965f39e168f5ee6',2),(3,'Roslyn','Kessler','arianna.schuppe@example.com',89392964888,'7b0465629fa44713bcdbd31c9ff3fb8141db0d24',3),(4,'Rylan','Herzog','eulah74@example.com',89145571279,'c55d73bfdd03e85e5909b75cccdb329b082e4928',4),(5,'Mustafa','Kozey','kristy.vonrueden@example.com',89456430353,'5e79d7c359f9dc8a32f0f6c946eebe8f15fd1851',5),(6,'Tianna','Hettinger','agnes46@example.com',89814196965,'ef07a298cd562a99a23f76e01df0ad049a144fbc',6),(7,'Nora','VonRueden','urban.botsford@example.net',89790840524,'5572c6e63e9d345189d53e90e03d9786afaea905',7),(8,'Reina','Weimann','wiegand.margarett@example.com',89629350004,'64044223bec8d854c21ca2a386ae63c3597a5551',8),(9,'April','Reynolds','yhegmann@example.org',89689764719,'a30c7571912af90346249d554a144b38b6cfc162',9),(10,'Mariam','Botsford','noemy11@example.net',89771294902,'28746b71b489660d4724189c7ec7de70571e51e7',10),(11,'Porter','Tillman','rosenbaum.giles@example.com',89398866409,'f112276f4de35396a701af7d1aceaf45abca462e',11),(12,'Yesenia','Friesen','koss.clyde@example.net',89337939081,'b3a4edb6d2ae88e79bece7fc86143f36b194473e',12),(13,'Kale','Greenholt','oren74@example.net',89717025778,'17424881883d3bfc803869fc17059d313ed4264a',13),(14,'Delmer','Will','sister.bauch@example.net',89306225975,'4e6505d0313d8b24fd6d681c524ffce09d519dd4',14),(15,'Trent','Swaniawski','dkunde@example.org',89104914907,'b99753bbcfe35aff819fe896a9a25b521fd1e117',15),(16,'Josianne','Mayert','chanelle.carter@example.org',89508524558,'7802f619b8ce38aba08d6238c7ab815461355864',16),(17,'Yoshiko','Koss','xstiedemann@example.com',89701977895,'bbb06dd854764b3b433bcde29269cd4afa2e563f',17),(18,'Stephan','Ullrich','ola37@example.org',89849157743,'17060f417cda4a4c7f99d6122c65fc509585c809',18),(19,'Maegan','VonRueden','usmith@example.net',89645330369,'c9fabd2aa816aefd13ff5ff3e16b8db4e8e78b3a',19),(20,'Pansy','Emmerich','theaney@example.com',89448879449,'47e9bdcfa261d918a9daf10a0e6548d57817d0d3',20),(21,'Adrien','Schimmel','eroob@example.com',89339169582,'cc8ae058a032bc382d09d8ab7d5f9bafc66e0b97',21),(22,'Ubaldo','Koch','jbogisich@example.org',89637620823,'df7adef31bf95895a3bc58a46b8bb350cae7acab',22),(23,'Norberto','Koelpin','melba84@example.net',89122938581,'c935e99ef431375bb1346bc5ec2d717c542bb535',23),(24,'Bobbie','Quitzon','brook.borer@example.net',89771506592,'159b1726630f127c882a0ff06f2a3df5c09df99e',24),(25,'Jaycee','Bednar','litzy54@example.org',89204212778,'d770e3752976ecdcc31b0a1a4cc19d0c37990f32',25),(26,'Breanna','Terry','o\'connell.nelle@example.net',89152276725,'9a08c52d711d29a7d927194583a98cc5a2e7e745',26),(27,'Trycia','Konopelski','roslyn03@example.net',89376060218,'07d89f984c9767abf650fae55bccfe46da328b0b',27),(28,'Roger','Kuhic','eve31@example.com',89803753696,'dbc55aa3c6f3daaa63fd0390aae9ac16de748b01',28),(29,'Greg','Skiles','williamson.pietro@example.com',89097125261,'b99fddaa118ff2f38bb0e3ef0a965644610f19a1',29),(30,'Hilton','Casper','mitchell.heller@example.net',89440062404,'a0b5aa763dcf445eb35f69eb9a0c482038484029',30),(31,'Ellsworth','Dickens','aschroeder@example.com',89762425820,'83c2510691b0b29ad660650a824b95235cd719cc',31),(32,'Mason','Considine','georgianna18@example.net',89243533560,'7dd10aa4008c46cb5ac57644247fad6d790a780b',32),(33,'Gloria','Leffler','altenwerth.nathanial@example.org',89200449552,'0c8c6bb77566652cac04f1a78aec13f6a03a1d11',33),(34,'Nicolas','Cassin','lucas.kuhlman@example.com',89375868498,'eff62c91777e1c79f98e2e3a2400ac41e4eb2dcd',34),(35,'Trey','Boehm','bashirian.rosa@example.net',89821088550,'b6c6fa4aa7b5d209fd3b966e38b5394e62edbb37',35),(36,'Samir','Friesen','schuyler77@example.net',89635688848,'dfedd0f11bd546132e6a24276941b9afcde1e3ef',36),(37,'Alaina','Howe','qstracke@example.net',89266224953,'9b16fc3f7cd88a75d7fda3149d06a2cd099cb2e4',37),(38,'Jaqueline','Mitchell','diana.smith@example.net',89919194192,'b84b581da247b8f5d95afb22c3f1803659e13b62',38),(39,'Annamarie','Conn','ryleigh.hagenes@example.net',89963341315,'3bc9dc890407ac6e7da627fdfb9ca587deea3a58',39),(40,'Fletcher','Prosacco','felton61@example.net',89175961195,'48a55e65ad2113c123d06f00205a8564cb46ee38',40),(41,'Dimitri','Zulauf','weber.jedediah@example.com',89893098432,'8c291bbe029785f45efb906897d1d8d8cb7bdae9',41),(42,'Clemens','Kuvalis','kuhn.frieda@example.com',89051547559,'18565a6c5255b4661715fc1367d7f05c586a3fea',42),(43,'Josefina','Mitchell','gmcdermott@example.net',89324058929,'29ef11f8448b202763478405e1d5d0d506707965',43),(44,'Ashly','Wiza','oran.simonis@example.net',89421577447,'0dd72750978c10d4517801b0afc83a1f86124257',44),(45,'Natalia','Tremblay','chelsie.o\'kon@example.net',89251466850,'cdb32df518ac300e7080a8291e78a12ed97cb1f0',45),(46,'Ewell','Macejkovic','rparisian@example.org',89962293592,'db96aa5c7456a5d888cc85d88a362130d3a0fb45',46),(47,'Maximilian','Legros','ohowell@example.org',89720617067,'85cac1dc84352a05e52faa0ee37fa9f8f16c7749',47),(48,'Peter','VonRueden','mcglynn.ignacio@example.com',89902728572,'4588c271940091098f84e234a1ee52cd9ea57071',48),(49,'Luigi','Batz','anderson.van@example.net',89013757086,'e788a882de4cc21c3372d24913d501c10eea6ac5',49),(50,'Mikayla','Feil','kiera45@example.org',89909707050,'7a32dc6d158db02b1d06357c564a68cca143ac95',50),(51,'Lelah','Schuppe','vaughn84@example.com',89620072003,'9d3d6e233bad8f9c9f414e1c31f9ffeb5b27f9e6',51),(52,'Herman','Kunde','griffin25@example.net',89429310983,'2577a332025261b4812b0252e131e579d04c135f',52),(53,'Katherine','Nicolas','hackett.sheridan@example.com',89625446768,'5a3429148dc431c7792147f7672516fa863bab46',53),(54,'Emelia','Klein','johnathon70@example.net',89788809487,'9262ec6b0606596cc35561373c9ebdb21d57af32',54),(55,'Leonard','Gleason','odessa.kemmer@example.net',89916131508,'773692e7bf76fbf5a920524d6cfa73ec6cda008d',55),(56,'Rosalee','Gutkowski','lenna47@example.com',89784444557,'26690e649a50444251f42e6f1987a26470140b84',56),(57,'Demario','Effertz','ngleason@example.net',89187986393,'5d9eda8ff32bc9c34489d1a9f92ad9b19d22559c',57),(58,'Carrie','Ledner','fabian18@example.net',89163566646,'04feff9174986a4b99c48b0585e796d4bfdeba02',58),(59,'Moses','Vandervort','roosevelt80@example.com',89090596952,'30461562f78d08d849cdff4e7d5d65d32d299093',59),(60,'Hermann','Lemke','ransom.donnelly@example.net',89396629804,'c23b821e6f7d68be96a300d995d09aa4d690201c',60),(61,'Elmore','Rowe','cwindler@example.net',89027192466,'e36bc38a07c52a04dc876c4c77eb3f5a059b986a',61),(62,'Andreane','Walter','lane.kuvalis@example.com',89922531324,'a13886c8f0f5951a6b84ee5bea7ada2dccb4ba91',62),(63,'Adolfo','Bernhard','charlene.hilpert@example.com',89418280219,'f70d4131ecaffdd71336392a9894bced5ddf9dd7',63),(64,'Wilfred','Ernser','laurence83@example.com',89266268638,'37916a51357def7dfff7923a0bdea7c6417b8a6b',64),(65,'Shanie','Kunze','emard.loyce@example.net',89080976031,'26d38881e6c3dc3bb2d6aef53ff53d2ce336fd7b',65),(66,'Reynold','Kuhlman','elouise58@example.org',89403352207,'81181349e99e8ff5b03829a0b93964bded9cac3f',66),(67,'Pascale','Gulgowski','fay.murphy@example.org',89400201361,'924cd327f5edb83e5245044e0d9b7b2367896a7c',67),(68,'Blaise','Kulas','eunice.considine@example.net',89234825342,'a80949a43dad9eeffcfed7b54f325e43326dc9d1',68),(69,'Davonte','Grady','kelsie.simonis@example.com',89594889917,'85d1fa8b4bc0cf2ec33afe1642554c2a0324b2da',69),(70,'Maverick','Pollich','ubrown@example.com',89723088889,'303321dfd3d6da388ec35f88b3f24831dc600afc',70),(71,'Emmy','Gleason','korn@example.net',89642433641,'0ea0a8ea0355e3a6bd9cde41eb697bdc61122f1c',71),(72,'Lincoln','Goodwin','cali08@example.com',89043838924,'ee871e693cd7ede882d5d21ddec99ab21944284e',72),(73,'Lorna','Botsford','milford26@example.net',89682367494,'3a256cf8efbf4ad8e6a61a6d9712c7964b49b829',73),(74,'Ismael','Kirlin','rosenbaum.meaghan@example.org',89378746374,'8b6edd8db8029b25668ecf29ae95e4e659c6bc98',74),(75,'Delmer','Fadel','reynolds.lilliana@example.com',89375447111,'cbbd430b1c895c3bf9932b7eb69dfbf99de3a9d4',75),(76,'Alaina','Gottlieb','ubashirian@example.org',89291695620,'7e04a246a6d5cc17c415dd3489751b461651942a',76),(77,'Juanita','Thompson','therese03@example.com',89748537420,'1d3be283469f38775d3f059ff813d5f91c5fbaa7',77),(78,'Naomi','Larkin','nbahringer@example.net',89934379745,'4abd04aea13a42dd23eb9542d62e795a62a73d0f',78),(79,'Gertrude','Reilly','gerald49@example.net',89252260478,'deb0dc5e28505c24039b2bf97bcdb406ad7c7424',79),(80,'Cecil','Grady','maryjane83@example.net',89604180998,'ed24b0af1524b0e02858b21c532b1d0ae7a3267d',80),(81,'Carmine','Roob','runte.myrtie@example.org',89603444519,'7dd046b9bc4aa4cecda87ca8113e1f5565d3dae4',81),(82,'Lizzie','Marvin','hyatt.jovani@example.com',89084177085,'1982d6f6650797076372229bbe025cd637cd5980',82),(83,'Tabitha','Boyle','forest88@example.com',89175403637,'f569072073fb27e0bcf203e569ccc138c737f9e2',83),(84,'Stanton','Bogan','uherman@example.net',89556711803,'2368660fd42705104a5a2fe0a5ecf7554ef3b27a',84),(85,'Aaron','Bailey','nannie81@example.com',89251041678,'47ceba9b02e4c0619aede4c025fffe93961c7f4c',85),(86,'Mittie','Medhurst','euna84@example.com',89813443101,'d78ef97f964f85acb0747e65fe4e9fde89ff107e',86),(87,'Ilene','Wunsch','bonnie27@example.org',89043262370,'0b2c02ca832324a1d21d288538139c4ae52e08ee',87),(88,'Lavina','Kiehn','rrolfson@example.com',89384325870,'f379e9322e1415ae4ec3517350bea98bfd9807e9',88),(89,'Katelynn','Mayer','marcelle91@example.org',89572293845,'103e76fd3f13393100014da0d0dcc24bd82a0b63',89),(90,'Kimberly','Kuvalis','enos82@example.net',89424389754,'5671323f7a6417179707d00629aad963d92fb762',90),(91,'Helga','Funk','bernice.stamm@example.com',89640005796,'34972e386a6e9829ed7faec8b42f11b50c052b8f',91),(92,'Shea','Ferry','rudolph19@example.net',89577824604,'f8c287b4abd024673ece79561bc14595b83e20c2',92),(93,'Colleen','Hackett','thurman.beier@example.org',89502662394,'62d126aefa6b06a753dd3c7d306b8ab43ad8c968',93),(94,'Vidal','O\'Hara','emmet.hoppe@example.com',89059514628,'4837cdb781460945b1b7c928b81fc4f5e704c1c3',94),(95,'Branson','Collins','orlando21@example.com',89063144019,'d6bc6e52144d8b682fdae0b5e5a754151c28abe1',95),(96,'Jacklyn','Lemke','ezequiel84@example.org',89188459486,'e7841a56d45a05b8b26fb510e2f91386002ee075',96),(97,'Virgie','Mueller','flatley.pedro@example.org',89520566182,'e7b0d9cb055aa89b728ece0db62fa301fa223b86',97),(98,'Connie','Jacobi','wrowe@example.com',89339478517,'e746f8ff9cdf5acec8ac8c66e39fe582cd9cbc3c',98),(99,'Greta','Pouros','lillie.fay@example.com',89277377317,'8e8faef6fb2981054d3a74c1e8c98a9e490c4fd8',99),(100,'Chase','Pacocha','orn.pete@example.com',89978230606,'f717b4906b72f48de255d3cb8d306b3bac121ed6',100);
/*!40000 ALTER TABLE `users` ENABLE KEYS */;
UNLOCK TABLES;

--
-- Table structure for table `users_communities`
--

DROP TABLE IF EXISTS `users_communities`;
/*!40101 SET @saved_cs_client     = @@character_set_client */;
/*!50503 SET character_set_client = utf8mb4 */;
CREATE TABLE `users_communities` (
  `community_id` int NOT NULL,
  `user_id` int NOT NULL,
  PRIMARY KEY (`community_id`,`user_id`),
  KEY `fk_users_communities_users1_idx` (`user_id`),
  KEY `fk_users_communities_communities1_idx` (`community_id`),
  CONSTRAINT `fk_users_communities_communities1` FOREIGN KEY (`community_id`) REFERENCES `communities` (`id`),
  CONSTRAINT `fk_users_communities_users1` FOREIGN KEY (`user_id`) REFERENCES `users` (`id`)
) ENGINE=InnoDB DEFAULT CHARSET=utf8mb4 COLLATE=utf8mb4_0900_ai_ci;
/*!40101 SET character_set_client = @saved_cs_client */;

--
-- Dumping data for table `users_communities`
--

LOCK TABLES `users_communities` WRITE;
/*!40000 ALTER TABLE `users_communities` DISABLE KEYS */;
INSERT INTO `users_communities` VALUES (1,1),(2,2),(3,3),(4,4),(5,5),(6,6),(7,7),(8,8),(9,9),(10,10),(11,11),(12,12),(13,13),(14,14),(15,15),(16,16),(17,17),(18,18),(19,19),(20,20),(21,21),(22,22),(23,23),(24,24),(25,25),(26,26),(27,27),(28,28),(29,29),(30,30),(31,31),(32,32),(33,33),(34,34),(35,35),(36,36),(37,37),(38,38),(39,39),(40,40),(41,41),(42,42),(43,43),(44,44),(45,45),(46,46),(47,47),(48,48),(49,49),(50,50),(51,51),(52,52),(53,53),(54,54),(55,55),(56,56),(57,57),(58,58),(59,59),(60,60),(61,61),(62,62),(63,63),(64,64),(65,65),(66,66),(67,67),(68,68),(69,69),(70,70),(71,71),(72,72),(73,73),(74,74),(75,75),(76,76),(77,77),(78,78),(79,79),(80,80),(81,81),(82,82),(83,83),(84,84),(85,85),(86,86),(87,87),(88,88),(89,89),(90,90),(91,91),(92,92),(93,93),(94,94),(95,95),(96,96),(97,97),(98,98),(99,99),(100,100);
/*!40000 ALTER TABLE `users_communities` ENABLE KEYS */;
UNLOCK TABLES;
/*!40103 SET TIME_ZONE=@OLD_TIME_ZONE */;

/*!40101 SET SQL_MODE=@OLD_SQL_MODE */;
/*!40014 SET FOREIGN_KEY_CHECKS=@OLD_FOREIGN_KEY_CHECKS */;
/*!40014 SET UNIQUE_CHECKS=@OLD_UNIQUE_CHECKS */;
/*!40101 SET CHARACTER_SET_CLIENT=@OLD_CHARACTER_SET_CLIENT */;
/*!40101 SET CHARACTER_SET_RESULTS=@OLD_CHARACTER_SET_RESULTS */;
/*!40101 SET COLLATION_CONNECTION=@OLD_COLLATION_CONNECTION */;
/*!40111 SET SQL_NOTES=@OLD_SQL_NOTES */;

-- Dump completed on 2020-09-30  1:37:16
